policy,round,cum_reward,running_ctr
随机,1,1.0,1.00000
随机,1001,626.0,0.62537
随机,2001,1249.0,0.62419
随机,3001,1870.0,0.62313
随机,4001,2498.0,0.62434
随机,5001,3143.0,0.62847
随机,6001,3772.0,0.62856
随机,7001,4369.0,0.62405
随机,8001,4980.0,0.62242
随机,9001,5590.0,0.62104
随机,10001,6218.0,0.62174
随机,11001,6832.0,0.62103
随机,12001,7467.0,0.62220
随机,13001,8084.0,0.62180
随机,14001,8730.0,0.62353
随机,15001,9320.0,0.62129
随机,16001,9956.0,0.62221
随机,17001,10581.0,0.62238
随机,18001,11201.0,0.62224
随机,19001,11810.0,0.62155
随机,20001,12413.0,0.62062
随机,21001,13004.0,0.61921
随机,22001,13611.0,0.61865
随机,23001,14220.0,0.61823
随机,24001,14851.0,0.61877
随机,25001,15496.0,0.61982
随机,26001,16110.0,0.61959
随机,27001,16708.0,0.61879
随机,28001,17312.0,0.61826
随机,29001,17923.0,0.61801
随机,30001,18570.0,0.61898
随机,31001,19170.0,0.61837
随机,32001,19789.0,0.61839
随机,33001,20421.0,0.61880
随机,34001,21042.0,0.61886
随机,35001,21653.0,0.61864
随机,36001,22257.0,0.61823
随机,37001,22865.0,0.61796
随机,38001,23498.0,0.61835
随机,39001,24116.0,0.61834
随机,40001,24756.0,0.61888
随机,41001,25376.0,0.61891
随机,42001,26013.0,0.61934
随机,43001,26610.0,0.61882
随机,44001,27252.0,0.61935
随机,45001,27877.0,0.61948
随机,46001,28511.0,0.61979
随机,47001,29119.0,0.61954
随机,48001,29731.0,0.61938
随机,49001,30333.0,0.61903
随机,50001,30964.0,0.61927
随机,51001,31580.0,0.61920
随机,52001,32213.0,0.61947
随机,53001,32841.0,0.61963
随机,54001,33462.0,0.61966
随机,55001,34076.0,0.61955
随机,56001,34703.0,0.61969
随机,57001,35324.0,0.61971
随机,58001,35943.0,0.61970
随机,59001,36572.0,0.61985
随机,60001,37199.0,0.61997
随机,61001,37831.0,0.62017
随机,62001,38470.0,0.62047
随机,63001,39066.0,0.62009
随机,64001,39694.0,0.62021
随机,65001,40323.0,0.62034
随机,66001,40940.0,0.62029
随机,67001,41596.0,0.62083
随机,68001,42207.0,0.62068
随机,69001,42832.0,0.62074
随机,70001,43432.0,0.62045
随机,71001,44040.0,0.62027
随机,72001,44659.0,0.62026
随机,73001,45260.0,0.61999
随机,74001,45889.0,0.62011
随机,75001,46503.0,0.62003
随机,76001,47150.0,0.62039
随机,77001,47769.0,0.62037
随机,78001,48374.0,0.62017
随机,79001,48951.0,0.61963
随机,80001,49593.0,0.61990
随机,81001,50242.0,0.62026
随机,82001,50872.0,0.62038
随机,83001,51499.0,0.62046
随机,84001,52103.0,0.62027
随机,85001,52728.0,0.62032
随机,86001,53367.0,0.62054
随机,87001,53983.0,0.62049
随机,88001,54596.0,0.62040
随机,89001,55214.0,0.62038
随机,90001,55818.0,0.62019
随机,91001,56456.0,0.62039
随机,92001,57069.0,0.62031
随机,93001,57696.0,0.62038
随机,94001,58327.0,0.62049
随机,95001,58960.0,0.62063
随机,96001,59558.0,0.62039
随机,97001,60155.0,0.62015
随机,98001,60794.0,0.62034
随机,99001,61385.0,0.62004
随机,100001,62014.0,0.62013
随机,101001,62640.0,0.62019
随机,102001,63246.0,0.62005
随机,103001,63848.0,0.61988
随机,104001,64474.0,0.61994
随机,105001,65081.0,0.61981
随机,106001,65703.0,0.61983
随机,107001,66315.0,0.61976
随机,108001,66947.0,0.61987
随机,109001,67576.0,0.61996
随机,110001,68214.0,0.62012
随机,111001,68837.0,0.62015
随机,112001,69459.0,0.62016
随机,113001,70080.0,0.62017
随机,114001,70692.0,0.62010
随机,115001,71337.0,0.62032
随机,116001,71967.0,0.62040
随机,117001,72596.0,0.62047
随机,118001,73219.0,0.62049
随机,119001,73816.0,0.62030
随机,120001,74451.0,0.62042
随机,121001,75050.0,0.62024
随机,122001,75694.0,0.62044
随机,123001,76312.0,0.62042
随机,124001,76926.0,0.62037
随机,125001,77571.0,0.62056
随机,126001,78180.0,0.62047
随机,127001,78793.0,0.62041
随机,128001,79417.0,0.62044
随机,129001,80031.0,0.62039
随机,130001,80688.0,0.62067
随机,131001,81320.0,0.62076
随机,132001,81963.0,0.62093
随机,133001,82587.0,0.62095
随机,134001,83212.0,0.62098
随机,135001,83825.0,0.62092
随机,136001,84449.0,0.62094
随机,137001,85080.0,0.62102
随机,138001,85701.0,0.62102
随机,139001,86339.0,0.62114
随机,140001,86949.0,0.62106
随机,141001,87559.0,0.62098
随机,142001,88168.0,0.62090
随机,143001,88790.0,0.62090
随机,144001,89370.0,0.62062
随机,145001,89990.0,0.62062
随机,146001,90631.0,0.62076
随机,147001,91247.0,0.62072
随机,148001,91827.0,0.62045
随机,149001,92413.0,0.62022
随机,150001,93059.0,0.62039
随机,151001,93680.0,0.62039
随机,152001,94291.0,0.62033
随机,153001,94916.0,0.62036
随机,154001,95526.0,0.62029
随机,155001,96162.0,0.62040
随机,156001,96803.0,0.62053
随机,157001,97424.0,0.62053
随机,158001,98026.0,0.62041
随机,159001,98658.0,0.62049
随机,160001,99290.0,0.62056
随机,161001,99911.0,0.62056
随机,162001,100526.0,0.62053
随机,163001,101156.0,0.62059
随机,164001,101811.0,0.62079
随机,165001,102429.0,0.62078
随机,166001,103052.0,0.62079
随机,167001,103646.0,0.62063
随机,168001,104279.0,0.62070
随机,169001,104905.0,0.62074
随机,170001,105503.0,0.62060
随机,171001,106139.0,0.62069
随机,172001,106754.0,0.62066
随机,173001,107376.0,0.62067
随机,174001,108008.0,0.62073
随机,175001,108639.0,0.62079
随机,176001,109266.0,0.62083
随机,177001,109881.0,0.62079
随机,178001,110508.0,0.62083
随机,179001,111129.0,0.62083
随机,180001,111780.0,0.62100
随机,181001,112402.0,0.62100
随机,182001,113001.0,0.62088
随机,183001,113639.0,0.62097
随机,184001,114251.0,0.62093
随机,185001,114873.0,0.62093
随机,186001,115478.0,0.62085
随机,187001,116076.0,0.62072
随机,188001,116699.0,0.62074
随机,189001,117300.0,0.62063
随机,190001,117927.0,0.62067
随机,191001,118515.0,0.62049
随机,192001,119140.0,0.62052
随机,193001,119788.0,0.62066
随机,194001,120384.0,0.62053
随机,195001,120991.0,0.62046
随机,196001,121623.0,0.62052
随机,197001,122251.0,0.62056
随机,198001,122863.0,0.62052
随机,199001,123482.0,0.62051
ε-greedy,1,1.0,1.00000
ε-greedy,1001,643.0,0.64236
ε-greedy,2001,1303.0,0.65117
ε-greedy,3001,1962.0,0.65378
ε-greedy,4001,2636.0,0.65884
ε-greedy,5001,3316.0,0.66307
ε-greedy,6001,3987.0,0.66439
ε-greedy,7001,4637.0,0.66233
ε-greedy,8001,5326.0,0.66567
ε-greedy,9001,5997.0,0.66626
ε-greedy,10001,6675.0,0.66743
ε-greedy,11001,7327.0,0.66603
ε-greedy,12001,8028.0,0.66894
ε-greedy,13001,8690.0,0.66841
ε-greedy,14001,9371.0,0.66931
ε-greedy,15001,10025.0,0.66829
ε-greedy,16001,10711.0,0.66940
ε-greedy,17001,11390.0,0.66996
ε-greedy,18001,12056.0,0.66974
ε-greedy,19001,12728.0,0.66986
ε-greedy,20001,13382.0,0.66907
ε-greedy,21001,14038.0,0.66844
ε-greedy,22001,14703.0,0.66829
ε-greedy,23001,15368.0,0.66814
ε-greedy,24001,16042.0,0.66839
ε-greedy,25001,16733.0,0.66929
ε-greedy,26001,17400.0,0.66921
ε-greedy,27001,18047.0,0.66838
ε-greedy,28001,18697.0,0.66773
ε-greedy,29001,19363.0,0.66767
ε-greedy,30001,20054.0,0.66844
ε-greedy,31001,20708.0,0.66798
ε-greedy,32001,21374.0,0.66792
ε-greedy,33001,22051.0,0.66819
ε-greedy,34001,22715.0,0.66807
ε-greedy,35001,23393.0,0.66835
ε-greedy,36001,24037.0,0.66768
ε-greedy,37001,24712.0,0.66787
ε-greedy,38001,25397.0,0.66832
ε-greedy,39001,26066.0,0.66834
ε-greedy,40001,26742.0,0.66853
ε-greedy,41001,27438.0,0.66920
ε-greedy,42001,28131.0,0.66977
ε-greedy,43001,28778.0,0.66924
ε-greedy,44001,29468.0,0.66971
ε-greedy,45001,30147.0,0.66992
ε-greedy,46001,30826.0,0.67012
ε-greedy,47001,31498.0,0.67016
ε-greedy,48001,32174.0,0.67028
ε-greedy,49001,32829.0,0.66997
ε-greedy,50001,33506.0,0.67011
ε-greedy,51001,34178.0,0.67014
ε-greedy,52001,34866.0,0.67049
ε-greedy,53001,35543.0,0.67061
ε-greedy,54001,36229.0,0.67089
ε-greedy,55001,36905.0,0.67099
ε-greedy,56001,37602.0,0.67145
ε-greedy,57001,38282.0,0.67160
ε-greedy,58001,38947.0,0.67149
ε-greedy,59001,39630.0,0.67168
ε-greedy,60001,40309.0,0.67181
ε-greedy,61001,40995.0,0.67204
ε-greedy,62001,41689.0,0.67239
ε-greedy,63001,42347.0,0.67216
ε-greedy,64001,43048.0,0.67261
ε-greedy,65001,43725.0,0.67268
ε-greedy,66001,44407.0,0.67282
ε-greedy,67001,45106.0,0.67321
ε-greedy,68001,45766.0,0.67302
ε-greedy,69001,46434.0,0.67295
ε-greedy,70001,47090.0,0.67270
ε-greedy,71001,47751.0,0.67254
ε-greedy,72001,48429.0,0.67262
ε-greedy,73001,49085.0,0.67239
ε-greedy,74001,49757.0,0.67238
ε-greedy,75001,50428.0,0.67236
ε-greedy,76001,51111.0,0.67250
ε-greedy,77001,51782.0,0.67248
ε-greedy,78001,52442.0,0.67232
ε-greedy,79001,53077.0,0.67185
ε-greedy,80001,53776.0,0.67219
ε-greedy,81001,54473.0,0.67250
ε-greedy,82001,55140.0,0.67243
ε-greedy,83001,55820.0,0.67252
ε-greedy,84001,56483.0,0.67241
ε-greedy,85001,57156.0,0.67242
ε-greedy,86001,57833.0,0.67247
ε-greedy,87001,58497.0,0.67237
ε-greedy,88001,59162.0,0.67229
ε-greedy,89001,59829.0,0.67223
ε-greedy,90001,60476.0,0.67195
ε-greedy,91001,61165.0,0.67214
ε-greedy,92001,61839.0,0.67216
ε-greedy,93001,62523.0,0.67228
ε-greedy,94001,63195.0,0.67228
ε-greedy,95001,63878.0,0.67239
ε-greedy,96001,64529.0,0.67217
ε-greedy,97001,65206.0,0.67222
ε-greedy,98001,65881.0,0.67225
ε-greedy,99001,66522.0,0.67193
ε-greedy,100001,67202.0,0.67201
ε-greedy,101001,67897.0,0.67224
ε-greedy,102001,68555.0,0.67210
ε-greedy,103001,69226.0,0.67209
ε-greedy,104001,69894.0,0.67205
ε-greedy,105001,70554.0,0.67194
ε-greedy,106001,71231.0,0.67198
ε-greedy,107001,71903.0,0.67198
ε-greedy,108001,72578.0,0.67201
ε-greedy,109001,73274.0,0.67223
ε-greedy,110001,73969.0,0.67244
ε-greedy,111001,74651.0,0.67253
ε-greedy,112001,75323.0,0.67252
ε-greedy,113001,75987.0,0.67245
ε-greedy,114001,76633.0,0.67221
ε-greedy,115001,77315.0,0.67230
ε-greedy,116001,77994.0,0.67236
ε-greedy,117001,78669.0,0.67238
ε-greedy,118001,79345.0,0.67241
ε-greedy,119001,80014.0,0.67238
ε-greedy,120001,80699.0,0.67249
ε-greedy,121001,81346.0,0.67228
ε-greedy,122001,82038.0,0.67244
ε-greedy,123001,82711.0,0.67244
ε-greedy,124001,83375.0,0.67237
ε-greedy,125001,84059.0,0.67247
ε-greedy,126001,84724.0,0.67241
ε-greedy,127001,85389.0,0.67235
ε-greedy,128001,86058.0,0.67232
ε-greedy,129001,86729.0,0.67231
ε-greedy,130001,87422.0,0.67247
ε-greedy,131001,88095.0,0.67248
ε-greedy,132001,88790.0,0.67265
ε-greedy,133001,89459.0,0.67262
ε-greedy,134001,90127.0,0.67258
ε-greedy,135001,90789.0,0.67251
ε-greedy,136001,91468.0,0.67255
ε-greedy,137001,92134.0,0.67251
ε-greedy,138001,92806.0,0.67250
ε-greedy,139001,93478.0,0.67250
ε-greedy,140001,94149.0,0.67249
ε-greedy,141001,94820.0,0.67248
ε-greedy,142001,95494.0,0.67249
ε-greedy,143001,96156.0,0.67241
ε-greedy,144001,96782.0,0.67209
ε-greedy,145001,97452.0,0.67208
ε-greedy,146001,98147.0,0.67224
ε-greedy,147001,98816.0,0.67221
ε-greedy,148001,99454.0,0.67198
ε-greedy,149001,100113.0,0.67189
ε-greedy,150001,100817.0,0.67211
ε-greedy,151001,101478.0,0.67204
ε-greedy,152001,102141.0,0.67198
ε-greedy,153001,102798.0,0.67188
ε-greedy,154001,103469.0,0.67187
ε-greedy,155001,104144.0,0.67189
ε-greedy,156001,104834.0,0.67201
ε-greedy,157001,105494.0,0.67193
ε-greedy,158001,106153.0,0.67185
ε-greedy,159001,106829.0,0.67188
ε-greedy,160001,107518.0,0.67198
ε-greedy,161001,108191.0,0.67199
ε-greedy,162001,108870.0,0.67203
ε-greedy,163001,109540.0,0.67202
ε-greedy,164001,110231.0,0.67214
ε-greedy,165001,110911.0,0.67218
ε-greedy,166001,111585.0,0.67219
ε-greedy,167001,112244.0,0.67212
ε-greedy,168001,112926.0,0.67217
ε-greedy,169001,113595.0,0.67216
ε-greedy,170001,114257.0,0.67210
ε-greedy,171001,114931.0,0.67211
ε-greedy,172001,115591.0,0.67204
ε-greedy,173001,116248.0,0.67195
ε-greedy,174001,116932.0,0.67202
ε-greedy,175001,117609.0,0.67205
ε-greedy,176001,118299.0,0.67215
ε-greedy,177001,118969.0,0.67214
ε-greedy,178001,119648.0,0.67218
ε-greedy,179001,120325.0,0.67220
ε-greedy,180001,121017.0,0.67231
ε-greedy,181001,121677.0,0.67224
ε-greedy,182001,122337.0,0.67218
ε-greedy,183001,123020.0,0.67224
ε-greedy,184001,123674.0,0.67214
ε-greedy,185001,124328.0,0.67204
ε-greedy,186001,124993.0,0.67200
ε-greedy,187001,125653.0,0.67194
ε-greedy,188001,126347.0,0.67205
ε-greedy,189001,127010.0,0.67201
ε-greedy,190001,127702.0,0.67211
ε-greedy,191001,128351.0,0.67199
ε-greedy,192001,129024.0,0.67200
ε-greedy,193001,129713.0,0.67208
ε-greedy,194001,130372.0,0.67202
ε-greedy,195001,131044.0,0.67202
ε-greedy,196001,131714.0,0.67201
ε-greedy,197001,132398.0,0.67207
ε-greedy,198001,133068.0,0.67206
ε-greedy,199001,133739.0,0.67205
LinUCB,1,1.0,1.00000
LinUCB,1001,650.0,0.64935
LinUCB,2001,1288.0,0.64368
LinUCB,3001,1936.0,0.64512
LinUCB,4001,2594.0,0.64834
LinUCB,5001,3260.0,0.65187
LinUCB,6001,3931.0,0.65506
LinUCB,7001,4559.0,0.65119
LinUCB,8001,5233.0,0.65404
LinUCB,9001,5905.0,0.65604
LinUCB,10001,6574.0,0.65733
LinUCB,11001,7237.0,0.65785
LinUCB,12001,7937.0,0.66136
LinUCB,13001,8601.0,0.66156
LinUCB,14001,9289.0,0.66345
LinUCB,15001,9946.0,0.66302
LinUCB,16001,10636.0,0.66471
LinUCB,17001,11339.0,0.66696
LinUCB,18001,11993.0,0.66624
LinUCB,19001,12658.0,0.66618
LinUCB,20001,13319.0,0.66592
LinUCB,21001,13964.0,0.66492
LinUCB,22001,14646.0,0.66570
LinUCB,23001,15315.0,0.66584
LinUCB,24001,16011.0,0.66710
LinUCB,25001,16715.0,0.66857
LinUCB,26001,17396.0,0.66905
LinUCB,27001,18067.0,0.66912
LinUCB,28001,18736.0,0.66912
LinUCB,29001,19434.0,0.67011
LinUCB,30001,20153.0,0.67174
LinUCB,31001,20813.0,0.67137
LinUCB,32001,21508.0,0.67210
LinUCB,33001,22209.0,0.67298
LinUCB,34001,22882.0,0.67298
LinUCB,35001,23586.0,0.67387
LinUCB,36001,24255.0,0.67373
LinUCB,37001,24948.0,0.67425
LinUCB,38001,25640.0,0.67472
LinUCB,39001,26340.0,0.67537
LinUCB,40001,27029.0,0.67571
LinUCB,41001,27728.0,0.67628
LinUCB,42001,28435.0,0.67701
LinUCB,43001,29104.0,0.67682
LinUCB,44001,29812.0,0.67753
LinUCB,45001,30519.0,0.67818
LinUCB,46001,31224.0,0.67877
LinUCB,47001,31903.0,0.67877
LinUCB,48001,32603.0,0.67922
LinUCB,49001,33292.0,0.67941
LinUCB,50001,33996.0,0.67991
LinUCB,51001,34681.0,0.68001
LinUCB,52001,35385.0,0.68047
LinUCB,53001,36098.0,0.68108
LinUCB,54001,36808.0,0.68162
LinUCB,55001,37513.0,0.68204
LinUCB,56001,38229.0,0.68265
LinUCB,57001,38942.0,0.68318
LinUCB,58001,39649.0,0.68359
LinUCB,59001,40367.0,0.68417
LinUCB,60001,41090.0,0.68482
LinUCB,61001,41808.0,0.68537
LinUCB,62001,42518.0,0.68576
LinUCB,63001,43190.0,0.68554
LinUCB,64001,43907.0,0.68604
LinUCB,65001,44622.0,0.68648
LinUCB,66001,45335.0,0.68688
LinUCB,67001,46066.0,0.68754
LinUCB,68001,46748.0,0.68746
LinUCB,69001,47463.0,0.68786
LinUCB,70001,48145.0,0.68778
LinUCB,71001,48837.0,0.68784
LinUCB,72001,49539.0,0.68803
LinUCB,73001,50214.0,0.68785
LinUCB,74001,50916.0,0.68804
LinUCB,75001,51624.0,0.68831
LinUCB,76001,52359.0,0.68893
LinUCB,77001,53068.0,0.68919
LinUCB,78001,53778.0,0.68945
LinUCB,79001,54452.0,0.68926
LinUCB,80001,55159.0,0.68948
LinUCB,81001,55912.0,0.69026
LinUCB,82001,56623.0,0.69052
LinUCB,83001,57339.0,0.69082
LinUCB,84001,58044.0,0.69099
LinUCB,85001,58749.0,0.69116
LinUCB,86001,59463.0,0.69142
LinUCB,87001,60171.0,0.69161
LinUCB,88001,60865.0,0.69164
LinUCB,89001,61577.0,0.69187
LinUCB,90001,62267.0,0.69185
LinUCB,91001,62984.0,0.69212
LinUCB,92001,63703.0,0.69242
LinUCB,93001,64426.0,0.69275
LinUCB,94001,65151.0,0.69309
LinUCB,95001,65874.0,0.69340
LinUCB,96001,66577.0,0.69350
LinUCB,97001,67288.0,0.69368
LinUCB,98001,67994.0,0.69381
LinUCB,99001,68680.0,0.69373
LinUCB,100001,69416.0,0.69415
LinUCB,101001,70134.0,0.69439
LinUCB,102001,70838.0,0.69448
LinUCB,103001,71547.0,0.69462
LinUCB,104001,72255.0,0.69475
LinUCB,105001,72968.0,0.69493
LinUCB,106001,73694.0,0.69522
LinUCB,107001,74404.0,0.69536
LinUCB,108001,75121.0,0.69556
LinUCB,109001,75852.0,0.69588
LinUCB,110001,76592.0,0.69628
LinUCB,111001,77313.0,0.69651
LinUCB,112001,78015.0,0.69656
LinUCB,113001,78728.0,0.69670
LinUCB,114001,79424.0,0.69670
LinUCB,115001,80149.0,0.69694
LinUCB,116001,80864.0,0.69710
LinUCB,117001,81570.0,0.69717
LinUCB,118001,82304.0,0.69749
LinUCB,119001,83017.0,0.69762
LinUCB,120001,83754.0,0.69794
LinUCB,121001,84454.0,0.69796
LinUCB,122001,85180.0,0.69819
LinUCB,123001,85889.0,0.69828
LinUCB,124001,86603.0,0.69841
LinUCB,125001,87324.0,0.69859
LinUCB,126001,88038.0,0.69871
LinUCB,127001,88745.0,0.69877
LinUCB,128001,89469.0,0.69897
LinUCB,129001,90191.0,0.69915
LinUCB,130001,90929.0,0.69945
LinUCB,131001,91645.0,0.69957
LinUCB,132001,92380.0,0.69984
LinUCB,133001,93101.0,0.70000
LinUCB,134001,93828.0,0.70020
LinUCB,135001,94540.0,0.70029
LinUCB,136001,95258.0,0.70042
LinUCB,137001,95967.0,0.70048
LinUCB,138001,96675.0,0.70054
LinUCB,139001,97408.0,0.70077
LinUCB,140001,98124.0,0.70088
LinUCB,141001,98830.0,0.70092
LinUCB,142001,99541.0,0.70099
LinUCB,143001,100258.0,0.70110
LinUCB,144001,100945.0,0.70100
LinUCB,145001,101666.0,0.70114
LinUCB,146001,102406.0,0.70141
LinUCB,147001,103128.0,0.70155
LinUCB,148001,103803.0,0.70137
LinUCB,149001,104520.0,0.70147
LinUCB,150001,105265.0,0.70176
LinUCB,151001,105977.0,0.70183
LinUCB,152001,106682.0,0.70185
LinUCB,153001,107390.0,0.70189
LinUCB,154001,108106.0,0.70198
LinUCB,155001,108824.0,0.70209
LinUCB,156001,109562.0,0.70232
LinUCB,157001,110266.0,0.70233
LinUCB,158001,110967.0,0.70232
LinUCB,159001,111679.0,0.70238
LinUCB,160001,112409.0,0.70255
LinUCB,161001,113126.0,0.70264
LinUCB,162001,113844.0,0.70274
LinUCB,163001,114560.0,0.70282
LinUCB,164001,115304.0,0.70307
LinUCB,165001,116027.0,0.70319
LinUCB,166001,116743.0,0.70327
LinUCB,167001,117447.0,0.70327
LinUCB,168001,118184.0,0.70347
LinUCB,169001,118907.0,0.70359
LinUCB,170001,119621.0,0.70365
LinUCB,171001,120342.0,0.70375
LinUCB,172001,121068.0,0.70388
LinUCB,173001,121764.0,0.70383
LinUCB,174001,122489.0,0.70396
LinUCB,175001,123224.0,0.70413
LinUCB,176001,123949.0,0.70425
LinUCB,177001,124655.0,0.70426
LinUCB,178001,125371.0,0.70433
LinUCB,179001,126089.0,0.70440
LinUCB,180001,126834.0,0.70463
LinUCB,181001,127544.0,0.70466
LinUCB,182001,128254.0,0.70469
LinUCB,183001,128981.0,0.70481
LinUCB,184001,129682.0,0.70479
LinUCB,185001,130394.0,0.70483
LinUCB,186001,131100.0,0.70483
LinUCB,187001,131813.0,0.70488
LinUCB,188001,132537.0,0.70498
LinUCB,189001,133260.0,0.70508
LinUCB,190001,134002.0,0.70527
LinUCB,191001,134705.0,0.70526
LinUCB,192001,135433.0,0.70538
LinUCB,193001,136170.0,0.70554
LinUCB,194001,136860.0,0.70546
LinUCB,195001,137578.0,0.70552
LinUCB,196001,138303.0,0.70562
LinUCB,197001,139023.0,0.70570
LinUCB,198001,139739.0,0.70575
LinUCB,199001,140468.0,0.70587
