976,-124.61,61
1024,-84.13,64
1168,-219.52,73
1184,-129.07,74
1184,-168.40,74
1216,-187.60,76
1296,10.19,81
1312,-192.38,82
1376,-130.55,86
1440,-330.66,90
1504,-282.38,94
1536,-284.97,96
1584,-265.06,99
1600,-201.75,100
1632,-171.12,102
1920,-166.79,120
2272,-101.40,69
2400,-170.38,76
2528,-88.73,62
2592,-503.54,101
2592,-268.29,72
2624,-156.69,82
2640,-260.22,91
2768,-172.92,92
2832,-81.61,77
2976,-458.76,122
3120,-182.10,109
3424,-180.36,112
3440,-123.18,139
3440,-67.14,65
3472,-174.36,123
3568,-241.93,103
3600,-94.52,60
3616,-103.86,84
3696,-84.42,69
3760,31.26,136
3872,-267.74,80
3904,-77.77,71
4208,-342.51,99
4304,-128.81,92
4368,-6.17,87
4464,-168.43,64
4576,-214.94,128
4576,-123.46,72
4624,-391.60,94
4832,-346.81,85
4832,-132.29,77
4848,-112.74,77
4880,-93.74,90
4896,-116.49,75
5008,-105.07,90
5280,-164.31,57
5312,-51.60,69
5360,-382.12,91
5376,28.50,94
5520,-234.54,110
5552,-112.29,61
5760,-191.13,74
5904,-155.66,67
5936,-224.07,102
6144,-189.75,71
6288,-125.14,114
6336,-148.80,107
6352,-230.71,94
6528,-214.67,106
6608,-101.81,107
6640,-101.79,80
6688,-439.43,88
6880,-315.15,125
6928,-60.96,88
7040,-220.68,108
7120,-126.86,74
7200,-99.29,114
7296,-188.77,109
7328,-250.56,98
7392,-127.38,93
7728,-85.11,68
7760,-399.11,89
7872,-179.35,79
8000,-385.17,103
8000,-149.46,116
8016,-150.64,93
8048,-25.37,110
8336,-206.06,81
8432,-101.85,71
8448,-424.71,110
8480,-104.09,80
8576,-98.39,106
8592,-343.33,92
8784,-301.32,116
8832,-114.99,94
8848,-73.01,70
8976,-141.71,61
9136,-382.92,109
9312,51.24,79
9360,-74.80,84
9376,-383.53,86
9488,-100.08,72
9568,-254.19,113
9648,-352.19,111
9760,-108.63,73
9808,-396.67,83
9824,-186.23,61
10032,-446.57,99
10032,-167.44,100
10080,-114.77,94
10384,-486.04,97
10464,-87.70,68
10544,-143.50,98
10656,-137.37,81
10672,-276.00,96
10832,-86.94,63
10880,-289.58,131
10992,-321.80,84
11136,-80.10,114
11168,-296.30,100
11232,-244.36,92
11488,-163.01,105
11520,-236.71,71
11520,-128.08,93
11568,-143.94,130
11568,-377.01,96
11648,-97.46,98
11840,-347.22,81
11936,-68.82,69
12112,-98.25,77
12112,-298.03,91
12176,-74.41,94
12224,-95.83,110
12304,-80.30,71
12480,-86.43,78
12592,-150.82,67
12672,-169.78,72
12704,-88.40,98
12784,-87.91,76
12800,-232.84,82
12928,-164.74,121
12960,-57.39,64
13008,-214.40,73
13152,-70.48,65
13312,-81.01,68
13376,-110.45,75
13376,-349.10,79
13408,-137.37,110
13616,-258.01,128
13808,-74.90,94
13856,-107.77,86
13920,-202.69,62
14032,-76.30,64
14096,-111.50,71
14112,-194.08,90
14128,-97.79,89
14352,-225.18,97
14608,-137.22,114
14720,-221.97,88
15008,-92.96,102
15088,-153.82,105
15104,-287.04,122
15152,-165.00,111
15216,-193.96,100
15248,-144.72,83
15264,-99.68,71
15344,-369.40,93
15376,-94.44,98
15568,-265.22,96
15600,-115.26,93
15664,-113.43,82
15888,-224.43,80
15984,-233.61,118
16096,-54.53,68
16336,-115.19,68
16352,-238.24,75
16464,-283.48,109
16496,-155.98,80
16496,-87.76,87
16656,-126.19,68
16672,-74.57,67
16736,-355.06,103
16768,-204.13,69
17120,-275.48,71
17136,-331.70,78
17232,-116.52,118
17248,-115.48,124
17248,-185.74,72
17376,-53.34,125
17552,-75.71,66
17680,-102.12,74
17680,-110.00,57
17728,-168.56,86
17744,-76.38,88
17952,-263.38,93
17952,-361.15,80
18160,-117.40,65
18176,-117.50,90
18288,-311.75,66
18288,-101.29,72
18384,-159.53,108
18496,-112.25,78
18704,-58.76,61
18816,-114.54,71
18896,-139.22,103
18960,-342.29,80
18960,-115.19,76
19008,-152.35,91
19344,-217.48,123
19440,-115.85,66
19648,-119.29,106
19664,-74.89,107
19840,-202.42,97
19856,-92.94,65
19888,-118.75,100
20016,-177.55,66
20048,-190.26,117
20112,-251.80,88
20112,-157.99,101
20144,-306.53,74
20512,-331.15,147
20768,-142.82,117
20784,-100.22,90
20896,-80.72,78
20896,-136.91,118
20960,-141.27,81
21056,-212.35,73
21200,-79.47,66
21376,-126.86,83
21392,-130.56,80
21520,-145.06,130
21696,-73.82,116
21696,-140.71,115
21920,-103.90,88
22048,-78.82,79
22192,-159.80,136
22224,-145.94,83
22256,-45.85,85
22288,-142.48,136
22400,-84.51,84
22464,-62.75,79
22656,-45.50,71
22720,-333.21,110
22896,-108.86,94
22960,-98.56,79
23280,-228.22,119
23296,-146.92,158
23312,-167.02,101
23632,-88.75,73
23648,-173.47,78
23728,-216.58,105
23808,-354.71,118
23808,-185.72,99
23920,-120.20,108
23936,-349.74,105
23984,-10.26,106
24128,-138.05,92
24240,-134.84,95
24416,-82.47,71
24560,-321.06,100
24672,-182.42,86
24768,-94.98,71
24848,-164.56,75
24864,-299.37,123
24976,-187.24,104
24992,-72.47,74
25104,-176.80,86
25216,-139.72,88
25424,-123.51,90
25504,-84.62,79
25584,-95.24,64
25792,-111.50,86
25904,-1.44,111
25904,-312.46,123
26032,-67.48,74
26160,-352.21,140
26176,-88.98,88
26336,-130.91,84
26368,-119.95,94
26656,-111.06,67
26704,-65.63,127
26736,-364.10,110
26864,-233.31,103
27072,-120.40,123
27072,-294.98,103
27200,-119.16,81
27232,28.63,75
27360,-174.20,116
27648,-198.48,59
27792,-103.35,71
27792,-279.78,125
27968,-231.43,113
27968,-313.37,102
28064,-89.44,75
28080,32.27,107
28128,-150.37,139
28160,-110.50,89
28448,-147.97,78
28528,-124.06,91
28592,29.31,1000
28656,-70.07,155
28720,-121.33,85
28848,-130.45,101
28864,-82.32,67
28992,-93.62,120
29136,-32.41,73
29232,-33.74,67
29360,-314.39,98
29392,49.56,89
29424,-115.10,84
29504,-108.90,86
29536,-94.57,59
29536,-176.44,118
29664,-146.54,76
29792,-106.75,108
29952,-103.75,81
30000,-85.08,80
30288,-141.09,90
30384,-148.54,116
30608,-76.72,78
30704,-129.90,98
30784,-121.49,62
30832,-106.44,90
30832,-295.09,123
30912,-171.89,120
30960,-166.59,96
31072,-210.64,98
31120,-29.42,73
31184,-263.48,103
31264,-130.03,108
31280,-124.62,80
31328,-79.41,131
31616,-88.22,77
31696,-136.35,127
31744,-94.84,91
31952,-86.10,70
32000,-151.46,68
32048,-69.82,68
32080,-153.25,81
32288,-124.03,105
32288,-278.56,73
32336,-244.95,94
32592,-132.45,82
32640,-122.49,121
32704,-112.40,102
32784,-351.71,100
32944,-100.94,105
33008,-98.79,66
33104,-102.30,93
33248,-85.55,78
33296,-72.07,60
33312,-250.82,124
33392,-150.32,82
33424,-113.54,71
33552,-106.44,116
33648,-82.07,59
33664,-425.52,120
33792,-188.27,109
33824,-139.72,96
33936,-98.64,72
34128,-59.18,93
34256,-116.79,104
34368,-105.51,79
34512,-118.26,94
34784,-169.57,70
34816,-135.17,117
35040,-79.52,69
35056,-89.00,79
35152,-154.37,100
35248,-139.13,125
35312,-123.50,126
35344,-126.53,120
35440,-158.68,133
35456,-88.49,75
35472,-146.91,114
35488,-523.59,131
35536,-37.22,73
35840,-292.50,107
35904,-56.81,68
35952,-246.47,90
36192,-93.35,65
36272,-108.82,77
36288,-161.51,94
36480,-134.61,166
36592,-42.48,66
36656,-221.20,73
36752,-77.45,80
36928,-125.61,93
36944,-187.49,100
36960,-96.32,94
37136,-151.26,77
37184,-71.01,117
37232,-320.37,124
37408,-121.02,91
37440,-47.42,72
37520,-366.01,154
37632,-122.99,90
37808,-343.38,96
37856,-89.52,69
38032,-151.19,90
38048,-95.42,70
38160,-216.49,94
38288,24.47,153
38512,-83.97,69
38528,-200.44,68
38544,-89.36,100
38560,-244.48,89
38784,-107.84,97
38880,-69.46,150
38944,-219.26,124
39184,-206.53,97
39216,-4.92,127
39344,-155.89,74
39584,-113.35,108
39584,-112.82,129
39616,-103.49,83
39680,-205.71,102
39776,-126.45,76
39824,-175.18,112
39984,-132.62,75
40208,-116.01,83
40272,-121.42,83
40336,-220.94,114
40400,-90.07,117
40416,-83.76,67
40496,-103.23,168
40720,-172.36,94
40896,-93.01,76
40896,-114.24,80
40944,-202.74,110
40992,-104.71,76
41136,-90.51,58
41168,-81.72,84
41200,-128.17,166
41296,-130.93,107
41392,-147.54,113
41488,-106.76,72
41776,5.95,86
41776,-179.71,85
41792,-55.47,95
41856,-429.16,117
41920,-120.57,75
42256,-55.97,66
42288,-107.41,84
42384,-91.22,62
42464,-198.39,81
42512,3.27,126
42528,-195.81,102
42736,-230.40,115
42736,-215.82,100
42800,-242.82,94
42832,-33.96,115
42848,-87.16,67
42864,-54.24,63
43008,-138.33,76
43040,-359.42,79
43312,-187.21,114
43376,-49.72,91
43664,-97.55,75
43712,-91.37,83
43760,-153.46,77
43888,-97.22,68
43920,-128.53,102
44000,-341.61,109
44016,-199.38,80
44128,-118.47,80
44256,-94.64,59
44304,-321.90,112
44592,-124.82,110
44656,-99.54,101
44800,-124.67,129
44944,-67.28,77
44960,-61.83,75
45008,-225.88,84
45120,-97.04,75
45136,-92.09,71
45152,-94.15,64
45296,-106.15,120
45488,-213.76,164
45664,-353.30,166
45776,-83.17,118
45776,-80.36,110
45856,-104.85,97
46048,-110.61,68
46176,-80.95,73
46208,-124.15,122
46224,-111.08,102
46240,-99.20,81
46352,-126.06,76
46416,-238.44,110
46480,-264.81,105
46800,-130.39,105
46960,-138.59,113
47232,-205.02,91
47296,-166.56,113
47376,-106.50,100
47392,-103.03,96
47440,-205.75,87
47504,-343.92,138
47600,-99.18,121
47600,-169.37,89
47696,-183.31,93
47824,-146.07,84
47888,-100.19,68
47888,-141.99,104
48144,-85.87,119
48240,-85.53,80
48352,-148.71,125
48368,-50.95,122
48448,-101.96,67
48560,-63.50,73
48592,-69.16,72
48848,-180.60,78
49008,-60.44,94
49056,-133.21,91
49104,-116.56,76
49168,-122.93,121
49296,-101.07,125
49312,-95.34,73
49424,-84.22,74
49424,-156.25,108
49456,-95.25,68
49616,-65.94,112
49792,-174.87,90
50000,-238.64,88
50176,-95.53,143
50320,-160.95,110
50352,-98.87,119
50704,-122.26,87
50752,-103.18,106
50912,-90.12,101
50928,-97.64,120
50944,-72.13,131
50944,-49.75,83
51040,-10.53,117
51088,-419.85,104
51152,30.26,108
51232,-263.79,133
51264,-302.25,113
51376,-103.17,64
51424,-37.51,69
51488,-132.32,93
51584,-130.22,112
51760,-81.71,66
51888,-153.98,107
52160,-160.69,76
52208,-350.32,91
52272,-93.80,83
52336,-110.56,78
52352,-66.13,75
52592,-236.62,105
52800,-132.59,117
52816,-129.03,87
52912,-106.51,83
53088,-173.69,114
53104,-95.75,101
53104,-232.28,129
53248,-97.64,85
53376,-72.71,125
53456,-57.23,139
53584,-92.67,82
53792,-143.75,127
53872,-112.28,104
53904,-134.58,109
54064,-117.94,108
54112,-113.84,81
54112,-194.69,95
54240,-239.69,118
54352,-64.79,78
54528,-115.50,101
54592,-124.96,84
54592,-133.18,112
54752,-206.28,104
54800,-67.34,76
54992,-58.61,118
55104,-88.43,108
55168,-73.26,79
55168,-75.69,81
55488,-70.25,78
55552,-82.57,90
55744,-107.07,87
55776,2.51,74
55824,-37.43,148
55840,-40.56,68
55872,-108.85,67
55920,-79.99,133
56128,-126.59,126
56256,-75.93,104
56256,-126.02,68
56272,-70.58,80
56400,-113.68,117
56544,-212.48,155
56736,-69.15,74
56832,-141.00,66
56864,17.58,110
56880,-70.58,107
56912,-99.83,89
57056,-196.25,71
57104,-84.18,80
57360,-91.11,77
57504,-55.04,78
57632,-206.29,110
57760,-108.76,93
57952,-78.76,67
58000,-56.11,135
58032,-121.33,143
58144,-92.88,68
58176,-78.16,111
58240,-80.17,83
58304,-23.41,98
58400,-96.90,96
58560,-181.14,144
58656,-108.74,97
58688,-217.20,134
58768,-189.76,121
58848,-64.75,93
58896,-168.15,79
59088,-134.16,83
59152,-70.56,75
59184,-213.57,105
59424,-115.95,78
59600,-68.48,98
59824,-158.30,89
59856,-51.86,68
59968,-90.41,123
60000,-45.40,110
60112,-323.02,97
60128,-256.98,124
60192,-261.17,96
60352,-266.98,104
60448,-67.56,64
60464,-117.77,101
60528,-75.09,86
60720,-85.35,70
60912,-229.32,163
60976,-98.13,130
60992,-250.36,113
61120,-85.34,79
61152,-256.03,129
61296,-177.76,81
61792,-142.26,104
61792,-120.83,105
61872,-164.52,89
61872,-99.58,72
61888,-412.12,129
61904,-144.41,107
61936,-169.99,99
62016,-221.49,97
62048,-309.02,130
62240,-168.12,107
62432,-95.50,71
62560,-95.17,103
62656,-209.88,96
62848,-87.16,61
62944,-207.19,123
63040,-213.59,128
63088,-89.88,121
63136,-130.46,84
63168,-128.89,81
63184,-94.95,78
63328,-125.68,90
63472,-124.07,89
63504,-202.66,107
63808,-219.50,112
63840,-116.20,80
63840,-92.49,121
64032,1.08,112
64064,-67.25,70
64080,-202.71,103
64288,-102.71,78
64304,-76.81,76
64368,-73.46,75
64480,-127.68,102
64512,-117.03,65
64656,-143.82,92
64848,-285.22,137
64960,-56.73,114
65008,-53.27,73
65056,-183.20,97
65216,-244.19,86
65376,-93.72,68
65424,-271.42,101
65584,-120.12,141
65632,-95.70,100
65776,-107.14,70
65904,-83.92,100
65936,-19.05,116
66048,-86.54,65
66112,-103.92,100
66192,-222.05,133
66336,-286.83,116
66416,-184.72,128
66672,-117.89,101
66688,-227.32,115
66768,-217.18,113
67088,-79.93,91
67152,-149.45,121
67312,-110.21,118
67312,24.18,108
67328,-74.27,71
67488,-296.73,107
67552,-85.83,103
67552,-84.62,94
67616,-147.20,140
67792,-81.50,70
67904,-174.69,98
67904,-135.59,93
67904,-66.36,76
68032,-171.39,120
68064,-63.21,133
68400,-62.35,82
68416,-115.72,103
68432,-73.65,70
68528,-24.31,75
68544,-94.88,87
68576,-91.31,60
68848,-106.69,81
69056,-156.11,109
69312,-132.54,110
69408,-105.72,86
69520,-21.85,91
69584,-95.10,131
69648,-152.71,116
69712,-78.03,113
69808,-244.97,119
69840,-84.43,121
69936,-71.11,94
70032,-83.83,61
70160,-110.25,109
70240,-137.22,107
70272,-273.26,106
70448,-28.38,128
70608,-138.34,110
70720,-72.37,136
70944,-102.61,89
70992,-119.03,105
71136,-84.21,81
71136,-78.49,108
71152,-90.04,70
71232,-72.00,60
71280,-71.35,92
71392,-128.42,113
71392,-73.37,77
71472,-113.48,114
71472,-124.39,96
71536,-274.32,114
71952,-123.32,94
71952,-95.77,60
72160,-52.31,120
72192,-64.14,65
72192,-95.34,92
72400,-44.04,73
72592,-115.68,70
72624,-111.56,72
72624,-344.35,93
72720,-176.86,132
72768,-151.61,86
72784,-450.87,94
72912,-111.75,86
72960,-100.57,114
73008,-88.20,129
73440,-74.65,78
73472,-362.38,95
73504,-109.04,132
73568,-144.53,73
73792,-92.61,75
73904,-86.90,109
74032,-88.15,78
74064,-50.79,69
74080,-89.28,91
74144,-103.59,95
74160,-174.36,138
74512,-60.57,145
74640,-94.07,120
74672,-107.90,119
74672,-97.00,69
74784,-147.70,117
74784,-248.63,111
75024,-164.73,77
75072,-342.53,102
75216,-79.03,109
75328,-138.54,74
75424,-91.43,85
75696,-282.20,137
75712,-91.99,65
75776,-149.54,69
75840,-295.17,121
75888,-80.77,116
75904,-148.05,109
75968,-129.37,118
76064,-54.87,80
76112,-85.03,83
76352,-99.35,80
76544,-298.63,127
76592,-45.81,73
76608,-91.96,99
77008,-57.99,81
77088,-70.82,117
77184,-76.67,70
77328,-136.72,125
77376,-99.22,64
77504,-104.65,101
77520,-127.90,97
77552,-123.11,111
77584,-304.66,118
77584,-104.27,105
77616,-88.93,64
77776,-63.92,121
77984,-106.75,117
78496,-146.98,122
78528,-117.42,95
78656,-143.75,128
78736,-72.94,74
78864,-89.68,68
78864,-174.01,111
78880,-74.82,86
79104,-69.76,93
79184,-122.92,104
79216,-116.17,127
79296,-54.13,123
79504,-81.34,95
79552,-283.83,123
79728,-144.38,134
79760,-254.33,149
79888,-57.72,72
80000,-76.42,71
80080,-181.58,99
80096,-118.74,77
80288,-69.10,74
80432,-35.06,119
80432,-122.49,111
80608,-105.77,89
80672,-152.10,91
80688,-94.34,58
80720,-269.59,115
80896,-139.77,84
81104,-119.59,86
81168,-97.20,73
81184,-104.56,118
81248,-97.22,72
81312,-109.88,113
81376,-53.62,59
81520,-140.12,102
81920,-141.65,102
81936,-90.96,79
81952,-94.41,117
82240,-146.57,113
82288,-64.40,70
82352,-106.54,102
82368,-66.98,110
82400,-106.64,81
82448,-51.66,71
82480,-111.73,77
82496,-82.06,70
82624,-80.85,69
82704,-202.77,113
82832,-145.28,103
82992,-74.61,65
83136,-117.42,75
83136,-96.69,153
83600,-73.11,82
83664,-118.12,73
83728,-33.52,85
83776,-69.06,96
83872,-106.07,92
83952,-127.80,127
84080,-72.79,78
84128,-66.62,111
84160,-68.38,73
84192,-98.07,107
84256,-127.22,97
84480,-135.39,116
84624,-23.93,136
84704,-68.20,65
84816,-74.85,105
84944,-16.23,84
85072,-99.66,84
85168,-72.57,76
85344,-352.82,138
85360,-76.64,93
85536,-141.10,110
85648,-103.67,93
85728,-109.03,100
85728,-70.65,96
85776,-78.76,95
85920,-127.18,115
86032,-37.28,88
86128,-66.74,82
86432,-99.25,93
86432,-106.67,108
86464,-103.90,124
86560,-78.73,76
86656,-123.71,93
86672,-68.15,64
86816,-92.78,68
86832,-66.01,81
87008,-90.15,77
87120,-15.49,128
87184,-211.11,114
87232,-40.26,75
87312,-112.32,87
87968,4.28,140
87984,-77.30,97
88096,-98.42,90
88160,-63.67,61
88160,-120.19,93
88208,-51.34,68
88224,-75.47,110
88320,-110.63,94
88416,-22.74,88
88448,-74.99,145
88592,-36.26,135
88656,-56.40,89
88688,-62.56,116
88976,-191.98,151
89264,-89.18,65
89264,-173.36,66
89280,-130.49,123
89376,-137.32,87
89552,-92.16,99
89648,-124.15,93
89744,-67.26,72
90096,-122.99,88
90112,-115.12,122
90112,-25.62,126
90336,-140.16,126
90336,-107.82,120
90352,-221.83,106
90464,-65.34,75
90624,-124.68,85
90640,27.79,1000
90848,-135.45,150
90864,-81.52,70
90912,-177.69,79
91040,-101.54,104
91088,-137.43,132
91232,-185.56,122
91408,-94.05,67
91440,-92.11,84
91520,-73.92,74
91632,-98.77,130
92016,-94.80,119
92048,-57.49,121
92080,-114.54,91
92080,-189.14,108
92176,-58.43,68
92256,-85.55,64
92256,-57.65,87
92368,-118.38,108
92432,-208.61,123
92448,-140.21,88
92640,-172.60,112
92784,-161.88,117
93136,-221.86,101
93184,-82.67,63
93296,-76.54,80
93344,-232.38,121
93408,-105.05,72
93472,-118.83,64
93504,-130.27,89
93584,-100.04,134
93680,-67.77,128
93920,-92.95,104
93920,-15.50,115
94032,-99.63,87
94064,-104.70,80
94176,-119.04,109
94224,-72.81,116
94256,-193.75,138
94336,-71.22,72
94960,-120.55,91
94992,-44.08,103
95008,-133.67,117
95056,-136.64,110
95120,-131.31,90
95280,-105.56,78
95328,-78.02,109
95408,-33.24,74
95424,-131.45,122
95488,-98.98,98
95520,-43.13,74
95632,-134.75,139
95760,-168.96,99
95920,-96.37,116
96080,-422.75,135
96096,-114.82,71
96400,-78.58,80
96496,-74.36,140
96560,-133.16,58
96576,-55.46,73
96720,-106.86,107
96752,-108.27,77
96768,-89.97,93
96912,-145.86,120
97104,-220.02,111
97168,-191.08,132
97168,-80.60,68
97280,-92.79,116
97296,-256.17,113
97472,-264.81,107
97552,-119.72,102
97728,-66.37,63
97792,-66.08,106
97936,-124.15,96
98144,-82.77,87
98144,-32.83,98
98256,-65.34,68
98272,-102.94,94
98304,-87.49,109
98432,-37.62,72
98528,-66.81,127
98528,-18.57,101
98800,-80.25,78
98864,-82.84,106
99056,-67.99,70
99168,-121.96,86
99184,-76.47,91
99216,-91.35,132
99360,-37.12,118
99424,-34.38,80
99456,-128.86,75
99456,-45.67,135
99648,-33.46,70
99744,-60.45,82
99824,-97.13,95
99952,-28.73,89
100064,-140.77,120
100064,-96.30,112
100240,-80.49,86
100256,-81.30,91
100336,-97.27,73
100352,-68.22,81
100704,-81.36,84
100720,-74.66,56
100768,-85.00,82
100816,-160.30,102
101040,-120.59,99
101040,-147.92,101
101056,-73.35,115
101408,-51.36,110
101520,-107.45,98
101568,-125.65,94
101600,-119.02,96
101712,-126.65,123
101952,-110.45,101
102064,-74.63,84
102112,-70.87,88
102176,-18.08,70
102304,-183.18,128
102304,-35.60,79
102352,-48.67,125
102384,-97.14,101
102448,-57.94,102
102832,-195.41,162
102864,-206.52,114
103024,-78.84,101
103120,-107.64,100
103424,-109.64,114
103504,-68.38,121
103520,-60.58,76
103536,-73.35,72
103600,-82.37,81
103664,-117.23,122
103872,-44.03,89
104096,-17.33,134
104128,-41.15,122
104128,-67.03,111
104144,-49.14,127
104176,-51.77,82
104208,-124.50,134
104288,-96.25,91
104544,-100.45,89
104784,-207.72,110
104816,-137.88,82
104944,-38.68,88
104976,-91.65,91
105120,-97.89,95
105136,-38.66,63
105296,-87.44,75
105392,-81.78,74
105440,-90.05,111
105456,-113.41,127
105632,-99.51,93
105856,-99.56,108
105952,-58.59,104
105968,-110.29,131
106000,-82.62,91
106176,-28.13,66
106336,-79.13,135
106384,-86.95,98
106400,-17.13,79
106416,-75.08,102
106448,-84.63,72
106464,-30.38,64
106560,-83.64,69
107056,-168.70,104
107184,4.84,138
107328,-190.59,149
107360,-119.78,74
107408,-79.02,67
107536,-58.53,98
107600,-49.80,75
107616,-80.92,77
107616,-38.13,124
107712,-55.95,107
107856,-94.41,119
107952,-108.37,94
107952,-128.83,131
107984,-156.12,98
108192,-71.01,63
108240,-132.02,105
108464,-34.29,66
108608,-48.73,78
108736,-107.53,88
108784,-108.23,108
108928,-61.02,76
108944,20.72,155
109040,-79.59,74
109136,-64.81,72
109152,-111.26,101
109312,-44.78,85
109312,-99.07,106
109328,-64.57,86
109392,-105.60,111
109616,3.62,126
109696,-68.01,91
109840,-70.39,77
109904,-99.08,90
110176,-165.25,124
110192,-39.56,72
110256,-107.27,83
110384,-64.86,77
110480,-62.66,73
110512,-73.98,75
110608,-146.72,114
110688,-72.85,85
110768,-101.86,127
110784,-101.22,103
110848,-75.24,77
110864,-70.70,92
111296,-82.40,147
111312,-47.42,101
111440,-79.09,79
111440,-117.60,96
111584,-65.68,61
111632,-60.75,78
111664,-47.50,72
111680,-74.70,75
111872,-90.83,101
112000,-141.67,113
112000,-68.04,72
112016,-128.29,136
112160,-97.05,86
112288,-50.33,89
112400,-38.11,69
112608,-187.26,73
112608,-105.07,81
112656,-39.75,123
112688,-88.37,120
112768,-98.76,83
112960,-89.94,81
112960,-26.93,86
113040,-59.61,73
113120,-98.43,93
113232,-106.60,77
113536,-58.95,95
113536,-78.52,116
113824,-80.29,96
113840,-77.18,115
113888,-105.48,93
113984,-75.34,86
114016,-83.91,66
114160,-73.41,87
114432,-54.21,114
114432,-87.59,142
114624,-74.95,68
114672,-86.01,71
114688,-114.79,98
114768,-64.48,132
114832,-158.00,134
114992,-68.53,122
115040,-129.89,130
115184,-69.04,122
115280,-80.12,79
115424,-162.98,96
115568,-111.11,88
115616,-94.00,74
115696,-85.15,79
115776,-95.34,112
115792,-242.18,122
115856,-77.88,127
116304,-75.96,82
116448,-85.94,101
116464,-98.77,106
116560,-82.99,117
116576,-144.58,122
116688,-61.44,103
116704,-36.17,89
116816,-82.60,78
116896,-45.28,139
117168,-76.40,82
117376,-43.51,122
117440,-94.96,109
117488,-250.51,117
117520,-87.00,146
117664,-13.87,117
117680,-80.48,77
117856,-82.56,130
117872,-99.92,88
118016,-90.24,91
118224,-119.58,96
118224,-101.28,95
118304,-27.21,71
118416,-185.73,132
118576,-49.95,110
118656,-42.80,130
118928,-20.45,127
119040,-89.11,97
119088,-112.67,98
119104,-69.39,104
119136,-76.24,79
119152,-97.51,93
119280,-88.78,79
119552,-57.35,106
119648,-90.58,77
119696,-81.17,126
119776,-88.79,97
119936,-89.26,160
120064,-62.93,110
120336,-86.08,105
120448,-90.32,84
120448,-171.60,117
120528,-87.43,100
120576,-88.76,147
120592,-89.02,90
120656,-95.94,86
120768,-74.12,102
121088,-67.41,82
121120,-105.44,98
121232,-103.43,134
121312,-76.60,104
121424,-96.04,93
121456,-192.02,151
121712,-123.90,126
121744,-149.93,105
121776,-49.45,75
121920,-28.05,92
122112,-58.32,111
122320,-79.10,117
122400,-89.53,109
122592,-41.35,129
122608,-111.80,86
122640,-16.90,128
122656,-48.05,98
122688,-81.75,120
122944,-85.93,102
122944,-164.74,95
122976,-90.88,79
123088,-91.42,84
123184,-17.26,88
123360,-96.22,119
123440,-115.95,145
123648,-135.75,96
123712,-98.56,112
123872,-49.95,77
124048,-191.43,103
124160,-58.32,115
124272,-64.40,105
124320,-59.76,77
124384,-74.67,88
124528,-74.23,115
124592,-44.49,121
124592,-96.34,103
124656,-41.53,128
124704,-77.69,95
124720,-90.47,67
124720,-127.00,85
124976,-28.07,127
125232,-94.57,112
125232,-111.80,95
125392,-35.28,70
125584,-68.27,89
125648,-49.59,79
125648,-73.63,66
125760,-90.24,90
125808,-71.69,110
125936,-72.12,88
125952,-36.47,85
126128,-81.34,89
126192,-51.68,92
126288,-89.41,151
126304,-49.51,103
126352,-80.75,102
126592,-65.56,75
127024,-70.30,76
127104,-40.14,133
127152,-92.17,120
127200,-76.56,97
127360,-99.53,88
127440,-53.82,116
127504,-86.78,109
127552,-54.71,89
127616,-88.48,149
127664,-80.32,126
127712,-33.39,89
127728,-60.10,96
127840,-67.14,78
127952,-64.76,103
128080,-66.96,134
128240,-37.73,71
128368,-83.81,58
128432,-66.33,130
128560,-39.71,75
128624,-100.49,89
128752,-117.80,108
128864,-67.75,72
128960,-72.52,88
128960,-62.95,81
129056,-100.99,90
129120,-63.49,73
129152,-91.74,82
129200,-48.87,128
129472,-80.49,87
129488,-78.63,110
129680,-34.60,90
129728,-23.00,139
129824,-57.68,79
129872,-64.94,63
130128,-60.27,73
130288,-37.37,68
130288,-84.67,120
130336,-119.42,99
130400,-48.05,123
130448,-67.42,81
130592,-47.64,102
130640,-21.87,73
130832,-90.44,107
130864,-34.03,86
130912,-48.37,143
130928,-37.84,117
131152,-72.89,80
131216,-49.07,96
131376,-36.66,68
131552,-105.01,114
131568,-66.02,90
131568,-72.36,80
131568,-66.25,109
131696,-53.71,78
131856,-67.63,95
131952,-92.91,97
131984,-34.21,87
132032,-65.94,87
132336,-37.49,92
132464,0.21,82
132464,-24.22,97
132576,-60.41,103
132640,-177.79,113
132672,-48.06,91
132768,-122.33,87
132880,-34.08,82
133136,-53.17,74
133408,-27.12,116
133536,-20.44,97
133552,-45.67,106
133616,-28.02,80
133696,-73.09,133
133904,-95.92,138
133968,-73.34,150
134128,-50.06,85
134144,-20.80,132
134176,-76.69,107
134368,-76.45,108
134368,-55.68,106
134416,-31.15,122
134528,-70.48,103
134528,-58.50,70
134656,-33.43,95
134992,0.07,151
135168,-41.97,102
135216,-83.51,78
135344,-41.20,112
135424,-27.95,108
135552,-71.26,121
135568,-48.85,104
135712,-46.67,81
135760,-27.82,99
135824,-86.37,106
136000,-26.62,102
136048,-55.02,87
136080,-59.28,97
136192,-63.53,114
136208,-42.56,129
136240,-17.06,107
136624,-64.64,88
136784,-164.75,112
136848,-55.50,105
137472,-59.15,120
137536,-56.01,132
137584,-58.03,96
137664,-73.74,145
137696,-23.46,124
137712,-61.71,95
137872,-38.96,144
137888,-9.06,79
137904,-65.45,106
137952,-39.14,137
138128,-27.75,118
138176,-38.38,136
138208,-70.74,85
138240,-198.12,135
138256,-142.68,152
138368,-4.81,99
138704,-11.36,70
139232,-2.35,95
139312,-42.82,89
139392,-44.43,106
139408,-125.25,96
139552,-72.06,130
139552,-72.37,126
139600,-70.13,84
139632,-19.45,105
139728,-28.61,129
139920,-33.94,107
139984,-27.20,113
140016,-65.38,132
140208,-11.29,123
140224,-70.71,116
140352,-40.79,70
140560,-24.89,152
140640,-43.72,121
140816,-71.41,94
140816,-78.34,88
140880,-56.20,93
140896,-13.37,79
140896,-60.66,84
141040,-38.00,93
141120,-34.09,95
141152,-49.45,71
141216,-68.06,93
141456,-180.22,92
141872,-29.53,82
141936,-71.45,107
142112,-45.92,110
142144,-15.85,121
142224,-22.61,144
142272,-52.26,102
142368,-70.49,83
142512,-45.78,101
142544,8.33,108
142672,-28.14,111
142832,-74.27,107
142864,-119.52,103
142864,-224.73,124
143024,-78.25,117
143040,-79.64,139
143216,-79.02,84
143488,-50.72,97
143488,-86.54,86
143680,-54.54,139
143712,-36.59,93
143904,-92.53,102
144032,-103.33,118
144176,-52.19,113
144272,-64.15,108
144320,-114.88,91
144384,-49.16,107
144400,-96.57,96
144672,-10.26,91
144752,-72.54,140
144784,-66.08,110
144784,-86.10,81
144912,-78.88,130
144944,-53.76,119
144960,5.00,78
145360,-43.80,91
145440,-51.34,73
145616,-19.68,121
145648,9.44,135
145856,-14.09,91
145968,-69.02,99
146048,-56.39,126
146128,-3.34,86
146256,-18.71,121
146464,-36.13,105
146464,-45.01,143
146560,-73.16,118
146592,-98.52,113
146752,-74.62,112
146768,-47.94,114
146896,-64.90,91
147152,-40.58,96
147216,3.56,144
147328,-7.84,80
147344,-57.60,76
147376,-67.15,126
147584,-98.48,121
147664,-59.81,113
147904,-40.42,103
147968,8.92,94
148016,-51.46,97
148064,-33.89,94
148064,-1.02,131
148480,-36.26,118
148736,-50.80,115
148848,-38.45,131
149008,-37.21,112
149040,-5.67,118
149088,-0.83,110
149264,7.89,156
149312,-53.21,121
149440,-64.80,116
149568,-46.02,94
149616,-35.97,107
149728,-19.92,149
150064,-51.78,128
150112,-57.11,86
150176,-18.02,132
150192,-25.31,158
150192,-62.03,139
150192,0.72,84
150512,4.91,127
150832,-24.63,112
150864,-44.31,111
151040,-19.72,111
151088,-17.24,111
151264,-2.66,106
151552,-51.71,159
151680,-36.79,140
151696,-36.66,123
151872,14.48,110
152096,1.70,119
152096,-25.03,99
152128,10.77,157
152192,-36.59,125
152192,-32.22,133
152384,-63.24,95
152608,-59.35,111
152624,-18.28,153
152640,-29.38,97
152640,6.42,153
152896,-0.31,102
153056,-17.49,94
153088,-43.08,128
153264,-39.13,87
153280,-12.56,100
153728,-5.27,102
153744,9.58,97
153760,-43.21,102
153840,-56.82,134
154000,-32.65,85
154048,-13.59,90
154176,-81.80,97
154384,-62.70,109
154384,-32.81,83
154416,-20.47,145
154592,-44.40,150
154608,19.71,139
154624,-68.81,108
155008,-62.84,120
155136,10.17,88
155216,-39.68,121
155232,-35.00,93
155296,-46.56,127
155472,-67.43,92
155632,-86.54,99
155920,-46.13,135
155936,-21.02,131
156032,-22.80,116
156384,-35.10,123
156544,-19.47,121
156576,-60.47,124
156672,8.55,143
156832,-77.40,138
156848,18.08,154
156864,18.68,102
156928,-34.49,107
156944,-59.17,121
157488,-25.01,137
157504,-16.19,98
157520,-42.39,118
157584,1.69,104
157632,-91.93,156
157776,-59.42,144
157856,8.65,82
157888,-16.71,116
158304,-10.00,86
158448,-185.47,100
158480,-57.81,113
158544,-58.13,123
158560,-22.23,136
158800,-2.35,121
158928,-32.07,124
159008,-12.21,95
159088,-18.13,141
159360,-63.39,116
159504,-40.39,117
159808,-4.91,139
159808,-19.80,143
160096,-13.08,145
160112,-68.25,97
160176,-33.37,143
160208,-27.75,119
160256,-66.99,107
160368,-58.11,80
160368,-36.87,98
160528,-30.86,167
160624,-36.49,134
160720,-44.57,142
161248,-49.71,109
161296,-61.35,148
161376,-17.12,148
161632,-31.45,95
161696,-41.15,95
161808,-49.59,90
161840,3.45,109
161984,-19.93,164
161984,-30.64,136
162080,-46.36,114
162096,-14.05,118
162176,-57.31,97
162352,-45.47,114
162512,-51.75,134
162640,-60.68,177
162704,-46.25,83
162832,-8.86,99
162976,-33.67,141
163152,-36.90,95
163328,-26.66,127
163632,-38.07,96
163632,-30.81,112
163712,-70.93,119
163792,-94.28,107
165216,-41.66,86
165248,-53.84,88
165296,3.87,91
165440,-46.59,100
165488,-116.04,103
165584,-92.01,109
165600,-83.95,110
165648,1.46,113
165728,-16.28,118
165792,-16.45,122
165824,-7.92,124
165888,17.63,128
165920,-65.50,130
166128,-69.40,143
166288,-57.92,153
166400,-100.30,160
166512,-36.83,79
166816,-48.16,100
167056,-42.46,98
167168,-70.81,98
167280,-40.94,106
167344,47.11,101
167408,-74.30,123
167616,5.31,145
167664,-60.79,111
167712,-63.34,129
167824,-1.44,127
167840,-40.96,120
167936,-42.56,96
168080,-48.49,141
168096,28.02,113
168304,-69.35,112
168400,-92.53,142
168736,-17.05,120
168992,-94.96,107
169024,-42.22,123
169216,-36.93,128
169280,-19.89,101
169280,-39.19,117
169408,-90.52,112
169440,-28.79,108
169728,-33.93,112
169728,-72.71,149
169872,-139.96,128
169952,-19.43,132
170080,-17.10,105
170096,-41.98,125
170320,-53.92,126
170336,-13.69,141
170816,-36.70,112
170896,-54.09,135
170896,-35.61,91
170944,-31.87,104
170960,-23.62,123
171120,-185.93,119
171200,-84.01,92
171296,-54.34,118
171376,-10.17,131
171616,-6.38,104
171824,-53.32,109
171920,-30.26,99
172016,18.27,120
172096,-33.06,148
172448,-9.87,102
172512,-20.40,165
172528,-83.32,138
172576,-48.90,101
172624,-39.18,89
173136,-43.47,126
173152,-76.93,116
173376,-12.11,155
173408,-39.76,99
173600,-21.42,124
173632,-2.47,101
173696,-27.33,145
173760,-36.87,115
173776,-29.34,83
173824,-1.93,183
174224,-46.47,100
174240,6.87,134
174432,-39.74,116
174656,-76.23,133
174672,-83.75,96
174784,-14.89,142
175024,-39.41,83
175232,-19.94,116
175376,-22.40,100
175408,-44.08,125
175488,-86.15,118
175536,-22.26,82
175536,-40.05,111
175632,-1.66,155
175712,-17.62,118
175872,-41.21,140
176336,-43.81,119
176400,-44.87,109
176432,-45.63,110
176432,-55.58,103
176576,-84.80,97
176624,-141.24,149
176784,-31.66,86
176880,8.48,94
177024,-29.94,87
177248,-59.12,107
177536,-94.21,114
177616,0.81,109
177728,-97.25,137
177792,-41.42,85
177936,-94.07,100
177984,-3.93,85
178256,-34.78,114
178448,-51.49,185
178528,-35.83,109
178640,-39.60,129
178736,-120.59,219
178768,-43.19,148
178784,-21.20,119
179424,-26.89,93
179600,-56.29,117
179616,-22.03,162
179648,-16.85,150
179664,-20.44,133
179760,-79.59,82
180080,-12.25,131
180080,-58.69,143
180128,-31.58,93
180224,-52.29,106
180256,-25.28,93
180464,7.34,138
180496,-31.62,110
180768,-63.05,124
181104,-44.78,91
181328,-88.15,119
181424,14.03,104
181488,-30.60,117
181504,-41.41,115
181584,-16.84,124
181696,-18.02,98
181776,-2.93,106
182288,-62.18,114
182336,-29.67,130
182768,-68.05,84
182784,-33.69,143
182944,-13.88,101
182976,-46.94,138
183072,12.38,98
183120,-2.77,126
183568,-13.70,117
183632,26.67,134
183936,-50.15,135
184384,-30.86,100
184448,-11.88,135
184480,-66.27,134
184592,-60.06,114
184656,0.85,192
184944,4.49,123
185088,-1.36,123
185520,-16.50,153
185792,-19.75,178
185808,-28.70,140
186112,-7.64,108
186320,10.80,104
186336,25.31,150
186736,-80.50,141
186912,-33.96,154
186944,20.29,1000
187152,6.13,160
187296,-18.37,147
187328,-40.22,140
187440,-211.69,614
187488,49.25,123
188272,-7.16,135
188416,11.67,163
188432,-9.78,95
188528,-24.00,137
188816,13.57,130
188912,-56.90,162
188944,-17.14,125
189120,-1.49,105
189136,-114.34,103
189552,-41.01,141
189760,-31.46,163
189904,-57.59,92
190064,-34.49,96
190080,-69.23,172
190144,-43.11,108
190192,-24.67,120
190640,-49.58,114
190640,3.55,94
190832,33.16,107
191072,-17.27,133
191200,1.65,143
191872,-3.14,112
191968,-61.34,119
192368,11.98,163
192528,17.05,149
192576,-31.65,121
192624,-49.45,192
192656,-7.86,172
192672,-54.31,127
193040,4.40,178
193056,-4.77,139
193072,-65.01,117
193120,-30.28,128
193552,15.18,105
194240,-35.48,99
194336,-41.59,148
194416,9.90,118
194496,-1.86,120
194624,-47.03,122
194736,-12.39,106
194944,-30.25,161
195264,-7.13,165
195488,2.09,151
195632,-36.45,157
196016,6.44,100
196048,-75.27,156
196080,17.45,1000
196112,-2.27,111
196128,32.99,118
196224,74.40,1000
196448,-54.94,114
196736,-44.57,125
196784,-19.03,143
197088,-32.59,134
197408,25.32,134
197664,3.08,96
197840,13.19,110
197904,-6.62,116
197936,20.32,144
198160,-36.78,167
198176,-9.65,135
199040,-217.63,183
199264,33.50,116
199312,4.58,179
199360,-1.17,164
199616,-7.37,177
199632,55.70,1000
199856,-34.65,173
200064,-16.35,139
200176,32.06,142
200336,-11.38,135
200608,-30.55,167
200624,-110.79,185
200912,-64.51,172
201424,14.57,112
201536,-2.37,136
201792,13.92,1000
201808,-7.88,173
202064,-64.16,153
202096,-68.52,177
202656,-46.51,175
202784,-7.28,136
202784,-46.07,170
203296,-30.23,167
203568,-3.38,134
204048,33.54,122
204288,-47.34,94
204320,24.74,104
204560,-41.84,173
204800,-33.10,126
204800,-257.34,536
205296,13.29,125
205392,-48.74,208
206016,30.66,153
206128,-14.80,130
206432,-30.09,132
207008,37.07,153
207184,20.51,149
207296,7.38,156
207968,-64.49,161
208752,-31.22,109
208992,-24.15,160
209056,-57.02,183
209056,31.55,1000
209248,11.72,202
209328,21.80,134
210096,-75.21,175
210112,-13.02,134
210736,17.48,105
211056,-173.72,423
211088,-78.21,127
211200,15.55,153
211200,-22.77,122
211408,-83.81,151
212000,16.31,167
212384,7.49,142
212544,-2.58,93
213152,-126.75,151
214384,-47.82,186
214432,-7.45,152
214480,-46.92,121
215008,-3.12,164
215136,-72.58,253
215312,47.93,1000
215536,-12.16,149
216176,-10.82,1000
216336,69.99,1000
216464,5.04,130
216512,-3.18,127
216816,0.34,94
216912,42.43,1000
217520,-29.47,149
217536,28.44,1000
217632,-116.42,200
217696,21.52,168
217808,-19.83,1000
217952,35.04,151
219024,-40.03,178
219088,1.58,142
219440,33.91,120
219664,-62.69,197
220000,-16.34,154
220064,37.82,152
220240,-2.32,159
220480,17.67,223
220512,19.26,160
220992,-12.70,199
221152,4.47,133
221296,36.10,1000
221424,9.28,146
221472,-180.45,321
222320,-50.79,180
222864,-30.36,175
223120,-0.40,180
223376,-21.78,181
223392,31.99,131
223792,-47.82,175
223888,-11.53,154
224656,-7.26,199
224672,-64.75,147
224848,20.47,108
225536,-38.45,135
225872,-34.77,155
226032,-103.20,305
226096,82.64,1000
226096,6.62,144
227200,2.52,1000
227200,32.19,1000
227456,-66.47,163
227520,-100.66,179
227888,-37.42,147
228384,-19.66,157
228448,-108.42,285
228576,32.93,159
229024,5.07,183
229184,-14.89,193
229456,-21.58,125
229936,16.12,151
230160,-17.76,185
230208,-23.58,145
230512,21.89,129
230640,-33.99,129
231120,-2.45,171
231424,-10.44,140
232032,31.82,117
232048,-12.00,162
232224,-15.92,126
232336,42.56,207
232464,-30.43,1000
232640,-1.91,125
232784,-23.40,142
233232,30.51,132
234224,17.58,136
234928,-13.35,154
235072,-42.02,190
235168,25.39,177
235248,28.77,189
235360,15.61,133
235424,33.84,174
235664,45.74,1000
235680,-18.32,181
236000,71.81,1000
236512,38.46,1000
236896,-41.50,167
237120,34.64,122
237232,45.73,117
237264,-5.08,146
237664,26.62,140
237952,3.17,169
238288,13.39,164
238304,-9.27,202
238832,-8.85,197
238864,22.08,1000
239104,-6.71,162
239184,18.65,122
239584,-4.82,154
239696,-78.77,152
239904,6.05,188
240208,3.30,141
240672,28.54,1000
240720,0.79,151
241264,-39.50,186
241280,-46.02,151
241312,-14.88,155
241712,15.41,163
242176,-40.96,155
242736,-85.60,197
243200,15.00,1000
243232,16.13,208
243280,-33.70,123
244112,3.20,177
244752,0.81,190
244864,24.84,133
245936,59.35,1000
246080,-9.55,180
246736,-14.35,216
247216,-16.14,194
247424,-5.06,1000
247632,38.82,173
248112,-148.52,210
248144,6.34,138
248496,-139.23,395
248864,2.54,133
250112,2.18,123
250496,-2.45,192
250624,9.79,133
250688,-28.82,191
251056,-4.60,240
251472,-4.78,210
252000,17.13,1000
252336,-200.52,758
252384,-22.63,142
253280,-36.70,166
253440,-25.87,149
253664,80.99,1000
254448,19.01,235
254592,52.00,195
255184,22.07,1000
255376,5.05,131
255952,-19.25,157
256320,21.66,117
256512,11.32,178
256672,66.27,1000
256720,96.13,1000
257264,34.32,1000
257744,-104.41,338
257984,19.79,175
258336,14.86,149
258432,-32.83,191
258640,-1.59,120
258816,-63.79,264
258992,-28.30,145
259232,72.24,1000
260528,-13.90,137
260656,28.01,212
261200,29.66,216
261328,24.10,146
261488,24.32,167
262000,-56.79,210
262080,96.25,1000
263520,12.13,187
263584,27.26,183
263984,-11.99,166
264384,-21.43,149
264416,-22.19,183
264864,69.03,1000
266496,71.78,1000
266880,-56.39,206
267856,-171.38,217
268000,39.81,1000
268384,62.41,1000
269632,-115.16,298
269712,-12.42,201
270816,-164.68,894
271600,0.84,225
271760,-22.53,211
271856,-80.87,971
273984,8.70,1000
274432,39.95,1000
274432,9.94,167
275152,-42.19,206
275232,36.52,1000
277200,84.62,1000
277776,-15.08,209
278080,-14.27,1000
278192,9.59,190
279520,-11.83,1000
279984,67.42,1000
280416,82.72,1000
281456,-26.70,266
282880,83.88,1000
283856,54.38,1000
284128,-133.50,832
285632,89.20,1000
285712,-16.48,1000
286816,27.51,168
287600,86.06,1000
287808,-31.08,247
289984,102.72,1000
290272,-42.54,216
290288,-24.59,291
290432,131.75,1000
290592,-54.74,305
291232,103.84,1000
293776,45.65,1000
294080,37.52,1000
294192,74.46,1000
294576,-12.57,287
294656,33.56,273
295520,33.80,1000
295920,-60.79,293
295984,-23.93,1000
296416,65.39,1000
297456,70.45,1000
298800,5.09,264
298832,-19.64,207
298880,74.89,1000
298944,1.62,185
300288,-34.32,242
301520,-77.15,254
302160,2.67,208
302240,-10.20,215
302320,32.57,215
303600,70.15,1000
303808,77.54,1000
304464,-14.30,345
304560,-8.83,267
305792,1.27,267
306272,71.73,1000
306432,99.27,1000
306592,93.83,1000
307040,23.89,215
307392,5.34,317
308528,-15.97,295
309536,16.74,204
309776,106.01,1000
310080,21.22,1000
310192,102.43,1000
310656,50.99,1000
311920,10.22,212
311920,43.77,1000
314256,-44.11,225
315536,37.14,226
316000,-23.58,538
317360,24.07,194
318160,77.95,1000
318240,109.99,1000
318944,-29.30,184
319312,22.85,236
320464,87.78,1000
320560,74.33,1000
320640,-63.35,205
321104,13.14,184
321792,109.47,1000
322160,29.50,178
322416,-15.23,261
322432,95.91,1000
322592,95.97,1000
322736,-45.86,237
323040,97.01,1000
323616,7.53,197
323760,11.89,200
325328,-23.31,264
325456,35.38,190
325536,82.80,1000
325776,71.44,1000
326080,155.92,1000
326192,62.16,1000
326224,-40.99,237
327568,6.27,247
327920,79.23,1000
328320,-9.19,179
330096,-52.67,242
330960,-9.30,212
336640,69.42,1000
337792,118.54,1000
338160,144.50,1000
338592,107.44,1000
338736,127.00,1000
339040,49.66,1000
339760,84.67,1000
341216,-95.58,831
341328,94.50,1000
341440,26.79,178
341536,15.13,1000
341776,96.11,1000
342080,77.46,1000
342192,89.24,1000
344320,85.33,1000
344944,31.61,213
345344,-78.38,244
345392,28.51,200
346096,116.86,1000
346960,53.08,1000
352352,-155.33,337
352640,133.10,1000
353792,95.09,1000
354160,11.56,1000
354736,59.25,1000
355040,130.26,1000
355760,36.45,1000
357216,82.49,1000
357328,49.53,1000
357776,132.15,1000
358080,72.97,1000
360320,107.66,1000
360336,-74.04,286
360560,7.67,174
360944,36.76,1000
361344,88.45,1000
361392,104.17,1000
361776,25.11,231
362096,106.13,1000
364624,-44.22,268
364976,10.14,276
365424,-41.59,252
365856,-21.54,255
368352,131.15,1000
368640,114.77,1000
369792,116.23,1000
370160,139.65,1000
370736,92.63,1000
371040,92.05,1000
373216,96.94,1000
373328,124.42,1000
373776,-31.21,249
376320,161.72,1000
376944,126.61,1000
377312,11.58,249
377344,69.11,1000
378096,101.25,1000
380624,57.77,1000
380976,83.93,1000
381424,75.73,1000
381568,22.72,217
381856,111.24,1000
384352,79.30,1000
384640,34.04,1000
386160,59.15,1000
386736,131.29,1000
387040,81.87,1000
388176,6.97,239
389216,120.52,1000
389776,130.27,1000
392320,96.66,1000
392944,127.74,1000
393312,111.30,1000
393344,111.41,1000
396624,111.37,1000
396976,99.50,1000
397424,112.04,1000
397568,116.40,1000
397856,123.35,1000
400000,27.82,211
400640,109.47,1000
401376,12.40,220
401456,15.25,252
402160,124.87,1000
402736,120.98,1000
403040,97.06,1000
404176,118.05,1000
405216,150.28,1000
405776,98.18,1000
407200,9.03,279
407680,4.14,219
408320,100.02,1000
408944,115.17,1000
409312,86.69,1000
409344,84.14,1000
412976,74.39,1000
413568,68.99,1000
414688,-57.34,336
416000,164.19,1000
416640,111.17,1000
417376,42.20,1000
417456,82.03,1000
418160,123.99,1000
419040,106.67,1000
420592,11.74,247
421216,142.15,1000
421552,-1.56,256
421776,103.31,1000
422880,15.15,344
423200,88.41,1000
423632,-55.97,287
423680,115.27,1000
424320,86.90,1000
424944,115.38,1000
425120,43.87,283
425344,104.45,1000
428208,11.15,313
428976,109.55,1000
429568,128.10,1000
430688,130.87,1000
432000,121.49,1000
434160,103.92,1000
435168,-26.09,280
437216,87.56,1000
437552,122.36,1000
437776,123.54,1000
438880,34.05,1000
439632,43.49,1000
439680,98.81,1000
440320,113.08,1000
440944,137.67,1000
441120,74.46,1000
441344,146.30,1000
444208,82.33,1000
444976,84.92,1000
445568,139.90,1000
446368,8.27,421
448000,130.97,1000
449152,33.90,261
449392,-20.21,239
449552,-10.44,199
450160,56.26,1000
451168,92.21,1000
453216,128.84,1000
453552,125.12,1000
453776,90.21,1000
454880,109.88,1000
455680,142.91,1000
456320,105.52,1000
456944,128.88,1000
457120,96.74,1000
457344,131.42,1000
460208,119.64,1000
460544,1.55,304
461472,-31.25,322
464000,95.44,1000
465152,91.12,1000
465392,67.66,1000
465552,128.09,1000
466160,108.60,1000
467168,125.45,1000
467360,202.81,780
467760,0.22,235
469216,132.63,1000
469552,98.20,1000
469776,121.12,1000
472944,93.91,1000
473088,-28.82,333
473120,141.97,1000
473344,144.97,1000
476208,135.79,1000
476544,107.40,1000
477472,88.26,1000
481152,106.52,1000
481392,23.68,1000
481552,93.13,1000
482160,148.53,1000
483168,95.53,1000
483360,160.74,1000
485216,132.07,1000
485552,93.45,1000
485776,114.61,1000
487920,-6.07,297
488944,86.60,1000
489088,143.26,1000
489120,96.09,1000
489344,127.78,1000
492208,94.14,1000
492528,-66.56,288
492544,125.99,1000
492912,185.05,597
493456,1.15,282
493472,122.97,1000
493552,19.95,263
494528,0.60,338
497152,120.89,1000
497392,102.86,1000
497552,175.01,1000
497568,-2.41,257
498160,112.95,1000
501216,126.80,1000
501552,136.69,1000
501776,121.81,1000
503200,-1.30,315
505088,140.44,1000
508208,131.70,1000
508528,119.67,1000
508544,124.86,1000
508912,131.64,1000
509472,124.52,1000
509552,137.84,1000
510528,97.97,1000
513152,143.19,1000
513392,122.75,1000
513552,131.87,1000
513568,106.65,1000
515312,-4.61,299
517216,107.95,1000
517552,138.23,1000
517776,136.24,1000
519200,131.02,1000
521088,157.45,1000
524208,127.51,1000
524528,72.61,1000
524544,136.12,1000
524912,103.34,1000
525472,161.34,1000
525552,121.47,1000
526208,43.05,320
527856,19.03,228
529152,118.25,1000
529392,103.33,1000
529552,115.08,1000
529568,145.57,1000
531312,131.88,1000
533216,133.57,1000
533552,148.20,1000
533776,137.59,1000
534736,55.92,323
535200,173.23,1000
536896,24.75,349
540528,123.52,1000
540544,62.64,1000
540912,105.83,1000
541472,102.98,1000
541552,132.50,1000
542208,110.29,1000
543856,161.69,1000
545152,118.90,1000
545392,178.86,1000
545552,119.72,1000
549216,115.96,1000
549552,111.25,1000
549776,115.57,1000
550736,131.59,1000
551200,136.40,1000
552896,123.59,1000
555024,17.24,328
556528,139.11,1000
556544,158.13,1000
556912,92.42,1000
557472,170.81,1000
557552,129.22,1000
558208,94.50,1000
559856,137.42,1000
561152,121.38,1000
561392,94.86,1000
561552,169.58,1000
565216,110.13,1000
565488,213.11,922
565552,130.74,1000
567200,114.11,1000
568896,147.35,1000
571024,115.24,1000
572528,147.03,1000
572544,147.75,1000
572912,119.31,1000
589440,130.55,1000
589440,126.38,1000
589440,165.78,1000
589440,91.61,1000
589440,147.68,1000
589440,118.63,1000
589440,101.19,1000
589440,119.67,1000
589440,136.63,1000
589440,144.90,1000
589440,167.42,1000
589440,104.19,1000
589440,146.05,1000
589440,156.53,1000
589440,158.39,1000
589440,176.00,1000
593632,37.07,262
605440,94.68,1000
605440,114.04,1000
605440,155.92,1000
605440,118.97,1000
605440,149.29,1000
605440,140.47,1000
605440,165.53,1000
605440,173.79,1000
605440,112.49,1000
605440,118.41,1000
605440,156.58,1000
605440,182.71,1000
605440,115.32,1000
605440,98.87,1000
605440,98.05,1000
609632,126.24,1000
621440,105.83,1000
621440,113.40,1000
621440,156.02,1000
621440,143.12,1000
621440,144.35,1000
621440,133.75,1000
621440,113.72,1000
621440,133.79,1000
621440,125.60,1000
621440,156.59,1000
621440,110.02,1000
621440,153.43,1000
621440,105.48,1000
621440,143.94,1000
621440,124.03,1000
625632,111.34,1000
625904,19.16,279
625984,21.54,284
637440,116.45,1000
637440,133.21,1000
637440,137.19,1000
637440,136.22,1000
637440,112.73,1000
637440,130.91,1000
637440,142.77,1000
637440,119.45,1000
637440,125.63,1000
637440,131.25,1000
637440,142.84,1000
637440,108.03,1000
637440,139.35,1000
641344,45.84,244
641632,165.66,1000
641904,187.75,1000
641920,37.45,280
641984,123.91,1000
646896,12.56,307
653440,189.09,1000
653440,155.00,1000
653440,145.14,1000
653440,143.59,1000
653440,121.99,1000
653440,168.61,1000
653440,141.04,1000
653440,124.63,1000
653440,130.95,1000
653440,129.89,1000
653440,148.24,1000
657344,140.53,1000
657632,132.17,1000
657664,27.54,264
657904,80.40,1000
657920,137.86,1000
662896,145.29,1000
669440,156.04,1000
669440,159.59,1000
669440,113.97,1000
669440,121.67,1000
669440,160.13,1000
669440,132.55,1000
669440,162.20,1000
669440,112.66,1000
669440,160.05,1000
669440,136.93,1000
673344,131.58,1000
673632,129.55,1000
673664,164.96,1000
673904,124.96,1000
673920,140.66,1000
674032,44.76,287
678896,175.58,1000
685440,112.52,1000
685440,137.57,1000
685440,171.10,1000
685440,146.34,1000
685440,120.65,1000
685440,157.69,1000
685440,150.77,1000
685440,148.85,1000
685440,116.43,1000
689344,135.98,1000
689632,156.00,1000
689664,148.15,1000
689904,164.77,1000
689920,170.56,1000
690032,126.00,1000
694896,138.31,1000
701440,144.31,1000
701440,153.70,1000
701440,178.24,1000
701440,155.47,1000
701440,180.89,1000
701440,149.39,1000
701440,127.85,1000
701440,127.52,1000
701440,125.51,1000
705344,137.36,1000
705632,165.01,1000
705664,150.79,1000
705904,138.00,1000
705920,125.35,1000
706032,143.50,1000
710896,145.76,1000
717440,109.97,1000
717440,157.52,1000
717440,153.47,1000
717440,144.58,1000
717440,158.21,1000
717440,150.26,1000
717440,158.87,1000
717440,162.56,1000
717440,116.02,1000
721344,169.93,1000
721632,142.71,1000
721664,114.97,1000
721904,146.61,1000
721920,143.67,1000
721920,-45.38,280
722032,155.23,1000
722352,16.59,307
726896,148.97,1000
733440,133.53,1000
733440,149.46,1000
733440,131.99,1000
733440,177.73,1000
733440,133.01,1000
733440,148.24,1000
733440,95.18,1000
737344,134.41,1000
737632,157.53,1000
737664,107.37,1000
737904,159.57,1000
737920,143.98,1000
737920,112.18,1000
738032,135.12,1000
738352,113.32,1000
742896,120.73,1000
743200,17.13,303
744752,205.74,707
749440,117.26,1000
749440,134.20,1000
749440,132.12,1000
749440,164.09,1000
749440,103.71,1000
749440,115.77,1000
753344,159.28,1000
753632,137.52,1000
753664,125.67,1000
753792,1.12,272
753904,174.00,1000
753920,162.94,1000
753920,152.45,1000
754032,130.14,1000
758896,128.26,1000
759200,144.55,1000
760752,179.84,1000
765440,140.17,1000
765440,176.04,1000
765440,150.64,1000
765440,163.43,1000
765440,111.33,1000
769344,140.90,1000
769632,165.37,1000
769664,188.03,1000
769792,112.13,1000
769904,162.28,1000
769920,150.78,1000
769920,116.19,1000
770032,162.53,1000
770192,17.32,297
774416,63.45,264
774896,118.71,1000
775200,157.78,1000
776752,174.34,1000
781440,194.59,1000
781440,132.17,1000
781440,145.76,1000
781440,135.00,1000
785344,140.08,1000
785632,130.32,1000
785664,172.30,1000
785792,159.94,1000
785904,152.81,1000
785920,173.05,1000
785920,144.80,1000
786032,129.25,1000
790416,158.48,1000
790896,145.53,1000
791200,129.26,1000
792752,157.58,1000
794448,45.22,252
797440,147.46,1000
797440,143.83,1000
797440,168.67,1000
797440,125.58,1000
801344,156.84,1000
801344,249.48,634
801632,155.43,1000
801664,146.38,1000
801792,163.00,1000
801904,120.99,1000
801920,150.82,1000
801920,173.97,1000
802032,147.83,1000
804704,64.04,175
806784,59.35,304
806896,156.58,1000
806992,233.05,353
808752,184.54,1000
809936,239.82,327
810448,115.71,1000
813440,172.81,1000
813440,113.77,1000
813440,191.05,1000
813440,193.36,1000
817344,134.57,1000
817632,117.74,1000
817664,155.01,1000
817792,68.18,272
817792,171.93,1000
817920,149.18,1000
818032,138.19,1000
821984,4.28,262
822784,136.99,1000
822896,154.87,1000
822992,191.29,1000
824752,159.00,1000
825936,136.75,1000
826448,150.72,1000
829440,175.85,1000
829440,122.03,1000
829440,141.48,1000
833184,60.62,234
833344,160.55,1000
833632,121.32,1000
833664,162.61,1000
833792,174.27,1000
833920,158.05,1000
834032,194.83,1000
836416,248.40,852
837984,142.72,1000
838896,151.50,1000
838992,156.45,1000
840752,169.30,1000
841280,223.29,740
841936,142.09,1000
842448,152.98,1000
845440,167.28,1000
849184,176.62,1000
849344,146.91,1000
849632,170.35,1000
849664,176.47,1000
849792,159.66,1000
849920,182.44,1000
850032,185.70,1000
852416,139.83,1000
853984,156.03,1000
854896,143.22,1000
854992,147.39,1000
856752,169.93,1000
857280,180.57,1000
857936,132.56,1000
858448,123.79,1000
859984,282.76,647
861168,253.18,696
861440,167.17,1000
863504,275.04,865
864112,258.85,887
865184,193.52,1000
865344,128.66,1000
865440,250.86,543
865792,184.29,1000
868416,176.58,1000
869984,179.64,1000
870736,267.53,581
870896,174.31,1000
870992,154.91,1000
872192,227.81,689
872928,262.97,468
873280,138.73,1000
873936,186.09,1000
874336,58.95,272
874448,141.13,1000
875984,158.28,1000
876800,258.27,369
878784,271.05,840
879088,241.89,974
880112,159.21,1000
881184,287.89,562
881184,143.39,1000
881792,160.45,1000
881920,267.70,474
882192,41.45,213
883648,281.74,479
884032,234.35,452
884224,241.02,843
884416,147.13,1000
885312,291.31,752
886992,160.32,1000
887552,236.69,914
887600,241.46,363
887968,20.95,270
889200,250.91,501
889472,21.94,260
889536,291.56,653
889936,183.46,1000
890448,129.40,1000
890544,268.83,539
891328,271.31,432
891696,6.29,259
892496,227.96,707
893312,31.12,240
895136,296.99,371
895312,255.49,693
896112,163.86,1000
896448,270.28,407
897168,270.12,598
897440,231.50,592
897664,253.95,451
897712,247.04,855
898192,151.89,1000
898576,231.23,502
899568,277.00,627
900512,273.67,574
900672,270.21,561
901376,68.02,246
901392,276.52,391
902656,233.54,459
902992,171.33,1000
903072,305.05,281
903456,267.41,634
903600,217.60,402
903648,222.44,371
903792,275.38,706
903904,266.40,487
905264,248.27,551
906368,284.99,511
907296,260.91,602
907680,262.67,448
908320,29.71,292
908720,255.02,458
910688,259.51,481
910688,36.40,270
911024,292.20,716
911344,233.32,543
911872,253.77,517
912032,230.78,560
912288,250.75,531
914032,242.02,397
914176,280.37,557
914272,287.27,347
915152,257.72,703
916208,243.75,324
916576,288.25,516
916672,160.85,1000
916832,257.22,836
917376,131.67,1000
917472,259.73,350
917568,214.63,642
917824,259.79,446
917952,247.92,454
918384,244.44,397
918576,18.55,269
919216,242.38,315
919600,296.40,457
920592,274.97,578
920768,281.02,421
921776,289.49,319
921808,296.63,416
922432,303.39,366
923104,256.26,283
923424,272.94,350
923728,250.63,431
924448,274.56,327
924880,255.87,406
925008,250.42,471
925168,265.57,451
925456,281.62,578
926080,238.86,405
926256,294.63,343
926256,263.06,354
926736,239.20,585
926752,41.65,270
927616,285.15,628
928256,268.44,322
928576,285.42,322
930112,290.65,399
930224,32.57,248
930576,293.35,548
930640,254.90,352
930736,282.02,348
931504,271.28,378
931872,262.59,351
931984,266.13,327
932144,269.68,454
932352,278.34,661
932464,279.42,358
932672,255.43,514
932704,223.22,414
933552,222.45,331
934032,269.97,401
934496,263.08,370
935456,269.01,334
935616,282.91,337
935936,265.09,325
936224,264.31,353
936464,265.91,364
936688,240.78,324
936816,47.74,259
936896,280.84,314
936928,235.18,309
937696,275.68,312
937984,236.09,345
938192,256.89,365
938560,298.98,401
939424,242.04,308
939488,274.90,371
939504,287.37,342
939776,31.37,178
940832,248.53,336
941008,242.91,337
941104,270.28,290
941280,260.58,316
941616,233.27,355
941840,237.18,314
942384,260.94,356
942736,273.50,365
943040,283.48,316
943120,245.14,308
943568,252.34,367
943632,252.91,317
944032,54.13,189
944288,218.70,300
944352,247.86,303
944800,298.54,336
945328,250.71,347
945808,259.73,311
946864,245.11,360
947456,243.20,386
947520,284.82,369
948048,281.25,332
948160,308.28,320
948352,292.80,407
948416,43.71,254
948608,266.23,315
948752,276.25,320
948768,271.24,353
948800,252.29,401
949248,285.06,310
949440,242.75,338
949600,74.49,237
950016,290.58,326
950672,267.89,334
950832,52.39,248
952128,44.12,236
953024,304.20,344
953040,61.68,277
953184,274.65,321
953632,255.02,304
953728,253.35,348
953920,233.02,320
954048,265.88,331
954448,301.23,303
954448,258.01,325
954672,262.51,327
955488,255.94,502
955648,254.66,301
956128,216.21,382
956128,269.70,482
956496,280.50,364
956576,19.02,278
957776,259.20,296
957824,50.38,236
957872,304.88,265
958320,244.40,331
958448,247.55,329
958544,287.13,289
958960,283.56,268
959584,273.46,321
959760,253.22,377
960464,276.32,271
961136,234.27,418
961536,278.83,338
961968,252.63,405
961968,287.52,342
962080,279.74,344
962304,233.04,416
962528,267.69,294
963312,274.57,340
963728,296.31,330
964016,251.41,390
964256,254.24,371
964304,250.76,360
964384,301.96,339
964672,63.22,221
964960,296.68,325
965232,265.22,353
966032,276.72,281
966048,298.11,349
966864,250.53,299
967040,238.65,317
967696,253.12,323
967712,260.42,359
967936,296.94,352
968368,300.13,316
968864,247.71,288
969280,238.89,329
969296,279.81,348
969392,224.76,295
969936,255.86,347
969952,262.84,353
970512,282.60,279
970672,291.79,340
970720,268.10,360
971504,252.48,342
971872,232.03,313
972176,264.46,280
972224,274.51,324
972288,28.26,214
972800,237.51,318
972864,265.70,281
973152,305.40,326
973824,299.90,284
974096,266.54,300
974272,38.66,235
974800,265.55,338
975024,276.48,318
975552,274.71,350
975888,280.86,323
976048,262.61,284
976464,273.91,362
976480,256.40,288
976896,25.18,256
977456,255.17,330
977536,284.12,328
977968,238.47,301
978224,272.00,375
978736,258.18,307
979184,287.09,395
979232,58.89,199
979344,302.84,284
979424,274.51,322
979616,266.91,345
980384,303.87,335
980672,271.10,320
980784,272.34,306
981312,284.11,302
981536,9.47,250
982256,280.85,362
982352,267.43,341
983008,253.76,299
983456,47.36,252
983488,262.97,377
983648,241.86,307
983648,264.82,355
983936,267.35,294
984048,269.92,304
984224,293.59,288
984880,257.30,346
985760,232.92,311
985936,242.20,289
985968,244.59,349
986016,248.78,334
986640,219.10,319
987472,276.09,326
987968,26.44,270
988096,248.87,359
988160,265.10,322
988176,276.73,293
988576,294.42,308
988720,285.49,329
988880,240.72,291
988992,287.93,309
989136,261.69,325
990048,281.78,323
991152,258.11,337
991344,262.53,338
991360,277.72,334
991552,259.39,349
991872,277.61,327
991968,48.04,186
992496,274.87,271
992880,286.55,307
993040,252.53,348
993296,269.91,320
993440,276.30,304
993808,291.51,308
993984,268.68,368
994048,214.52,307
994144,291.02,339
994992,297.51,309
995904,284.35,297
996160,39.75,262
996256,293.62,294
996544,268.04,292
996960,221.01,351
997424,254.70,379
997696,232.30,275
998224,236.41,299
998384,260.70,334
998496,306.72,272
998496,310.89,278
998720,261.12,365
999088,298.61,330
999280,261.69,424
999456,294.02,342
1000416,286.70,339
1000960,269.90,294
1001056,289.75,306
1001088,253.28,324
1001760,292.00,326
1002208,264.93,328
1002288,290.94,304
1002464,242.92,298
1003408,242.43,324
1003552,269.49,316
1003872,240.59,343
1003904,255.18,338
1004000,301.03,284
1004016,276.93,331
1004080,263.91,312
1004096,234.91,301
1005600,249.47,284
1005728,272.05,332
1005840,286.68,297
1006256,226.16,331
1006928,259.43,295
1006992,265.67,294
1007264,268.66,344
1007680,260.53,326
1008496,229.64,309
1008512,241.10,319
1008784,238.78,305
1008976,269.79,310
1008976,245.36,311
1009088,241.22,312
1009152,249.93,330
1009168,280.79,318
1010096,296.16,281
1010496,287.88,291
1010944,41.82,247
1011120,260.22,337
1011296,296.76,315
1012560,255.40,352
1012944,285.02,277
1012960,276.27,356
1012976,247.71,331
1013552,265.39,275
1013760,276.26,292
1013920,270.62,297
1014032,283.48,346
1014240,272.20,329
1014464,279.90,273
1014512,260.26,346
1015216,276.15,402
1015440,232.22,309
1015888,264.81,298
1016176,263.87,305
1016752,232.48,363
1017504,256.45,309
1017920,232.49,310
1018080,286.30,319
1018128,289.77,324
1018128,286.52,273
1018544,253.52,312
1018928,261.43,293
1019120,230.47,291
1019168,269.75,291
1019232,286.25,325
1019488,220.20,348
1019920,263.00,280
1020832,268.98,309
1021136,277.04,274
1021776,283.63,267
1022416,254.80,450
1022464,283.79,393
1022480,303.98,272
1022544,295.88,279
1023008,235.28,305
1023312,278.37,298
1023616,292.99,356
1024048,255.42,285
1024224,258.68,319
1024352,249.47,324
1024816,262.18,349
1025008,275.89,318
1025376,271.13,403
1025936,252.51,300
1026096,300.53,329
1026752,269.93,311
1026832,265.65,268
1027056,253.62,290
1027120,289.27,290
1027168,292.80,294
1027616,291.91,288
1028032,260.83,295
1028656,248.94,315
1028800,259.62,286
1029168,247.62,320
1029520,240.37,282
1029664,248.91,303
1029840,266.10,343
1030208,263.87,302
1030912,290.57,311
1031264,255.40,323
1031664,266.25,302
1031904,243.18,303
1032000,301.51,274
1032032,302.32,307
1032368,286.09,351
1032624,253.82,287
1033200,269.73,284
1033328,265.30,385
1033824,262.31,314
1034176,255.71,291
1034752,287.05,307
1034896,261.64,358
1035264,297.26,350
1035392,258.74,324
1035408,297.03,281
1036192,262.10,308
1036608,239.19,288
1036832,270.88,308
1036864,266.08,325
1037328,264.63,331
1037856,250.46,343
1037952,301.15,333
1038256,251.61,316
1038352,259.73,314
1039424,246.00,328
1039664,295.80,365
1039856,293.23,310
1039904,268.32,322
1040224,67.21,252
1040784,262.53,337
1040848,54.37,187
1040976,267.80,357
1041088,286.60,280
1041248,300.23,365
1041728,287.11,306
1042064,252.43,325
1042464,245.45,282
1042576,245.08,328
1043056,61.23,227
1043232,270.74,311
1044192,220.53,365
1044400,287.83,296
1044560,269.75,294
1044832,79.48,224
1045280,301.55,316
1045280,272.93,336
1045472,273.22,293
1045520,31.90,184
1045856,293.63,305
1046480,266.51,297
1046512,258.48,339
1046720,257.50,367
1047728,235.01,292
1047808,265.48,334
1047920,276.76,366
1048704,253.18,282
1049104,284.56,367
1049200,30.21,230
1049440,264.40,315
1049520,309.42,265
1049920,273.72,335
1050272,267.33,340
1050288,236.82,301
1050640,256.36,335
1051056,229.95,284
1051216,276.44,335
1051616,281.44,321
1052000,290.06,330
1052608,278.18,293
1052688,226.61,305
1053856,296.00,322
1053968,267.56,304
1054144,277.50,309
1054368,72.62,197
1054432,279.75,312
1054624,270.41,319
1055008,246.18,455
1055120,265.86,302
1055456,267.48,275
1055664,249.26,314
1056048,293.97,383
1057088,247.09,318
1057296,257.46,293
1057440,280.44,448
1057744,251.79,383
1058000,253.23,332
1058112,30.91,259
1058752,270.19,306
1059024,241.24,275
1059568,246.83,321
1059888,254.52,298
1059952,287.17,349
1060528,277.43,280
1060528,251.26,317
1060544,289.88,346
1060704,234.26,315
1060992,280.14,428
1061408,296.63,248
1062304,298.17,269
1062448,276.24,335
1062496,307.41,274
1063424,252.04,355
1063552,248.62,391
1063696,274.59,309
1063712,241.42,293
1063984,298.57,276
1064688,290.52,296
1065200,274.99,332
1065520,244.48,301
1065808,255.15,330
1066048,267.95,316
1066128,311.57,350
1066688,273.93,262
1066752,247.54,388
1066768,282.33,279
1066848,283.45,340
1067024,303.95,286
1068224,263.28,283
1068240,248.80,293
1068560,273.45,321
1068864,293.21,305
1070048,297.87,396
1070112,258.09,339
1070608,285.95,280
1070672,247.66,342
1070752,268.86,294
1071216,260.52,283
1071472,269.15,372
1071536,234.48,298
1071872,252.98,314
1072208,247.65,324
1072240,290.75,402
1072816,-3.35,247
1072912,276.22,385
1073152,246.45,307
1073920,265.96,335
1074304,271.27,266
1074400,255.62,268
1074592,284.22,398
1075296,262.56,293
1075424,247.27,292
1076032,270.05,335
1076064,245.49,287
1076208,49.25,248
1076432,262.10,326
1076608,244.13,296
1076784,271.05,286
1077136,256.13,350
1077456,269.45,284
1078080,247.37,308
1078192,263.33,336
1079072,285.07,298
1079440,272.36,315
1079744,280.89,270
1079744,276.95,322
1080112,260.25,387
1080576,286.50,259
1080688,289.25,337
1080784,279.63,295
1080912,255.04,294
